municipio,estado,denominacion_origen,area_ha,agave_en_pie_ha,cobertura_pct,plantado_2018,plantado_2019,plantado_2020,plantado_2021,plantado_2022,plantado_2023,plantado_2024,jima_2020,jima_2021,jima_2022,jima_2023,jima_2024,jima_2025,jima_2026
Tequila,Jalisco,si,167756.0,5819.0,100.0,147.0,373.0,219.0,2010.0,1013.0,1981.0,76.0,3.0,2.0,1.0,20.0,23.0,80.0,193.0
Ameca,Jalisco,si,83197.0,3929.0,100.0,143.0,290.0,219.0,945.0,888.0,1281.0,163.0,0.0,2.0,2.0,6.0,10.0,54.0,106.0
Amatitán,Jalisco,si,17138.0,3463.0,100.0,78.0,270.0,181.0,1213.0,686.0,1000.0,35.0,0.0,1.0,1.0,8.0,14.0,73.0,124.0
Hostotipaquillo,Jalisco,si,74997.0,2973.0,100.0,136.0,130.0,109.0,862.0,621.0,1081.0,34.0,0.0,1.0,3.0,19.0,13.0,37.0,112.0
Teuchitlán,Jalisco,si,21741.0,2196.0,100.0,47.0,110.0,90.0,727.0,499.0,650.0,73.0,0.0,10.0,3.0,7.0,17.0,19.0,78.0
San Martín Hidalgo,Jalisco,si,33991.0,2128.0,100.0,125.0,144.0,69.0,350.0,514.0,864.0,62.0,0.0,1.0,2.0,2.0,5.0,22.0,34.0
Magdalena,Jalisco,si,29077.0,2076.0,100.0,60.0,92.0,72.0,647.0,488.0,673.0,44.0,0.0,1.0,1.0,16.0,15.0,42.0,93.0
San Juanito de Escobedo,Jalisco,si,19301.0,2006.0,100.0,80.0,144.0,115.0,515.0,464.0,603.0,85.0,0.0,1.0,0.0,4.0,8.0,34.0,50.0
Ahualulco de Mercado,Jalisco,si,27153.0,1974.0,100.0,59.0,119.0,85.0,526.0,464.0,652.0,69.0,0.0,1.0,0.0,3.0,33.0,173.0,21.0
Tala,Jalisco,si,44832.0,1809.0,100.0,207.0,164.0,52.0,395.0,316.0,504.0,171.0,0.0,2.0,2.0,7.0,8.0,30.0,47.0
El Arenal,Jalisco,si,11080.0,1607.0,100.0,32.0,153.0,94.0,505.0,315.0,483.0,25.0,0.0,1.0,1.0,2.0,2.0,26.0,50.0
Cocula,Jalisco,si,32885.0,1515.0,100.0,61.0,96.0,46.0,262.0,299.0,629.0,122.0,0.0,1.0,3.0,6.0,7.0,26.0,22.0
Etzatlán,Jalisco,si,33479.0,1356.0,100.0,31.0,45.0,48.0,294.0,322.0,566.0,50.0,0.0,1.0,0.0,10.0,3.0,11.0,28.0
San Marcos,Jalisco,si,30286.0,794.0,100.0,43.0,12.0,14.0,153.0,165.0,393.0,14.0,0.0,0.0,0.0,1.0,1.0,28.0,32.0
