municipio,estado,baja,media,alta,conservador_alta,intermedio_alta_media,amplio_todo
Tequila,Jalisco,232.0,1890.0,3695.0,3695.0,5585.0,5817.0
Ameca,Jalisco,151.0,1209.0,2569.0,2569.0,3778.0,3929.0
Zacoalco de Torres,Jalisco,62.0,715.0,3085.0,3085.0,3800.0,3862.0
Tlajomulco de Zúñiga,Jalisco,81.0,771.0,2728.0,2728.0,3499.0,3580.0
Amatitán,Jalisco,120.0,1190.0,2153.0,2153.0,3343.0,3463.0
Zapopan,Jalisco,62.0,746.0,2062.0,2062.0,2808.0,2870.0
Teocuitatlán de Corona,Jalisco,79.0,560.0,2091.0,2091.0,2651.0,2730.0
Villa Corona,Jalisco,81.0,585.0,1556.0,1556.0,2141.0,2222.0
Teuchitlán,Jalisco,71.0,597.0,1529.0,1529.0,2126.0,2197.0
San Martín Hidalgo,Jalisco,75.0,589.0,1464.0,1464.0,2053.0,2128.0
Ixtlahuacán del Río,Jalisco,65.0,505.0,1425.0,1425.0,1930.0,1995.0
Ahualulco de Mercado,Jalisco,71.0,657.0,1246.0,1246.0,1903.0,1974.0
Tala,Jalisco,87.0,639.0,1084.0,1084.0,1723.0,1810.0
San Juanito de Escobedo,Jalisco,63.0,593.0,1029.0,1029.0,1622.0,1685.0
Atoyac,Jalisco,47.0,547.0,1050.0,1050.0,1597.0,1644.0
El Arenal,Jalisco,51.0,484.0,1073.0,1073.0,1557.0,1608.0
Juchitlán,Jalisco,27.0,350.0,1229.0,1229.0,1579.0,1606.0
Cocula,Jalisco,70.0,458.0,987.0,987.0,1445.0,1515.0
Magdalena,Jalisco,64.0,501.0,871.0,871.0,1372.0,1436.0
Ixtlahuacán de los Membrillos,Jalisco,50.0,434.0,892.0,892.0,1326.0,1376.0
Tecolotlán,Jalisco,58.0,402.0,909.0,909.0,1311.0,1369.0
Acatlán de Juárez,Jalisco,50.0,370.0,849.0,849.0,1219.0,1269.0
Zapotlanejo,Jalisco,49.0,320.0,831.0,831.0,1151.0,1200.0
Tenamaxtlán,Jalisco,25.0,295.0,804.0,804.0,1099.0,1124.0
San Cristóbal de la Barranca,Jalisco,32.0,377.0,675.0,675.0,1052.0,1084.0
Amacueca,Jalisco,20.0,328.0,734.0,734.0,1062.0,1082.0
Mascota,Jalisco,38.0,348.0,483.0,483.0,831.0,869.0
Guachinango,Jalisco,31.0,240.0,585.0,585.0,825.0,856.0
Hostotipaquillo,Jalisco,79.0,388.0,382.0,382.0,770.0,849.0
Concepción de Buenos Aires,Jalisco,28.0,436.0,369.0,369.0,805.0,833.0
Juanacatlán,Jalisco,33.0,262.0,529.0,529.0,791.0,824.0
Etzatlán,Jalisco,35.0,269.0,518.0,518.0,787.0,822.0
Tapalpa,Jalisco,23.0,313.0,389.0,389.0,702.0,725.0
Atengo,Jalisco,26.0,175.0,488.0,488.0,663.0,689.0
Jocotepec,Jalisco,38.0,228.0,402.0,402.0,630.0,668.0
Unión de Tula,Jalisco,28.0,182.0,400.0,400.0,582.0,610.0
Ayutla,Jalisco,20.0,106.0,429.0,429.0,535.0,555.0
Amatlán de Cañas,Nayarit,25.0,150.0,367.0,367.0,517.0,542.0
Cuquío,Jalisco,23.0,166.0,342.0,342.0,508.0,531.0
Sayula,Jalisco,14.0,150.0,340.0,340.0,490.0,504.0
La Yesca,Nayarit,32.0,223.0,194.0,194.0,417.0,449.0
Chapala,Jalisco,17.0,149.0,280.0,280.0,429.0,446.0
Mixtlán,Jalisco,10.0,167.0,183.0,183.0,350.0,360.0
San Marcos,Jalisco,11.0,119.0,200.0,200.0,319.0,330.0
Gómez Farías,Jalisco,7.0,182.0,119.0,119.0,301.0,308.0
San Pedro Tlaquepaque,Jalisco,5.0,77.0,223.0,223.0,300.0,305.0
Techaluta de Montenegro,Jalisco,6.0,98.0,193.0,193.0,291.0,297.0
Tonalá,Jalisco,10.0,96.0,178.0,178.0,274.0,284.0
Talpa de Allende,Jalisco,11.0,118.0,142.0,142.0,260.0,271.0
San Martín de Bolaños,Jalisco,9.0,128.0,129.0,129.0,257.0,266.0
Cuautla,Jalisco,6.0,163.0,97.0,97.0,260.0,266.0
Tuxcueca,Jalisco,15.0,102.0,145.0,145.0,247.0,262.0
Mazamitla,Jalisco,3.0,106.0,140.0,140.0,246.0,249.0
Guadalajara,Jalisco,2.0,27.0,219.0,219.0,246.0,248.0
El Salto,Jalisco,12.0,71.0,137.0,137.0,208.0,220.0
Atenguillo,Jalisco,10.0,100.0,91.0,91.0,191.0,201.0
Atemajac de Brizuela,Jalisco,8.0,81.0,78.0,78.0,159.0,167.0
Chiquilistlán,Jalisco,9.0,83.0,70.0,70.0,153.0,162.0
La Manzanilla de la Paz,Jalisco,9.0,70.0,63.0,63.0,133.0,142.0
San Sebastián del Oeste,Jalisco,4.0,51.0,84.0,84.0,135.0,139.0
Tizapán el Alto,Jalisco,5.0,36.0,73.0,73.0,109.0,114.0
Chimaltitán,Jalisco,3.0,54.0,48.0,48.0,102.0,105.0
Ejutla,Jalisco,2.0,25.0,63.0,63.0,88.0,90.0
Tamazula de Gordiano,Jalisco,2.0,44.0,28.0,28.0,72.0,74.0
Tomatlán,Jalisco,4.0,36.0,31.0,31.0,67.0,71.0
Villa Purificación,Jalisco,2.0,25.0,23.0,23.0,48.0,50.0
Tonaya,Jalisco,2.0,17.0,28.0,28.0,45.0,47.0
Poncitlán,Jalisco,1.0,10.0,14.0,14.0,24.0,25.0
Zapotlán del Rey,Jalisco,0.0,10.0,8.0,8.0,18.0,18.0
Yahualica de González Gallo,Jalisco,1.0,5.0,2.0,2.0,7.0,8.0
El Limón,Jalisco,0.0,2.0,3.0,3.0,5.0,5.0
Autlán de Navarro,Jalisco,0.0,0.0,2.0,2.0,2.0,2.0
Puerto Vallarta,Jalisco,0.0,0.0,1.0,1.0,1.0,1.0
