municipio,estado,denominacion_origen,area_ha,agave_en_pie_ha,cobertura_pct,plantado_2018,plantado_2019,plantado_2020,plantado_2021,plantado_2022,plantado_2023,plantado_2024
Tequila,Jalisco,si,167756.0,5817.0,99.9,147.0,373.0,219.0,2009.0,1013.0,1981.0,75.0
Ameca,Jalisco,si,83197.0,3929.0,100.0,143.0,290.0,219.0,945.0,888.0,1281.0,163.0
Zacoalco de Torres,Jalisco,si,47538.0,3863.0,100.0,163.0,384.0,334.0,1239.0,751.0,831.0,161.0
Tlajomulco de Zúñiga,Jalisco,si,66855.0,3580.0,100.0,253.0,755.0,129.0,725.0,787.0,837.0,94.0
Amatitán,Jalisco,si,17138.0,3463.0,100.0,78.0,270.0,181.0,1213.0,686.0,1000.0,35.0
Zapopan,Jalisco,si,114682.0,2871.0,100.0,236.0,336.0,145.0,1192.0,363.0,522.0,77.0
Teocuitatlán de Corona,Jalisco,si,33222.0,2730.0,100.0,62.0,229.0,322.0,723.0,442.0,719.0,233.0
Villa Corona,Jalisco,si,31575.0,2221.0,100.0,58.0,130.0,107.0,577.0,561.0,706.0,82.0
Teuchitlán,Jalisco,si,21741.0,2196.0,100.0,47.0,110.0,90.0,727.0,499.0,650.0,73.0
San Martín Hidalgo,Jalisco,si,33991.0,2128.0,100.0,125.0,144.0,69.0,350.0,514.0,864.0,62.0
Ixtlahuacán del Río,Jalisco,si,82478.0,1994.0,100.0,18.0,55.0,52.0,682.0,406.0,653.0,128.0
Ahualulco de Mercado,Jalisco,si,27153.0,1974.0,100.0,59.0,119.0,85.0,526.0,464.0,652.0,69.0
Tala,Jalisco,si,44832.0,1809.0,100.0,207.0,164.0,52.0,395.0,316.0,504.0,171.0
San Juanito de Escobedo,Jalisco,si,19301.0,1685.0,78.3,72.0,137.0,108.0,438.0,368.0,489.0,73.0
Atoyac,Jalisco,si,44837.0,1645.0,100.0,65.0,159.0,178.0,365.0,311.0,423.0,144.0
El Arenal,Jalisco,si,11080.0,1607.0,100.0,32.0,153.0,94.0,505.0,315.0,483.0,25.0
Juchitlán,Jalisco,si,24420.0,1605.0,100.0,13.0,139.0,111.0,404.0,373.0,491.0,74.0
Cocula,Jalisco,si,32885.0,1515.0,100.0,61.0,96.0,46.0,262.0,299.0,629.0,122.0
Magdalena,Jalisco,si,29077.0,1436.0,62.0,42.0,69.0,51.0,450.0,339.0,461.0,24.0
Ixtlahuacán de los Membrillos,Jalisco,si,19985.0,1376.0,100.0,42.0,77.0,40.0,426.0,306.0,388.0,97.0
Tecolotlán,Jalisco,si,75916.0,1369.0,100.0,14.0,92.0,82.0,354.0,374.0,393.0,60.0
Acatlán de Juárez,Jalisco,si,15248.0,1270.0,100.0,31.0,85.0,56.0,393.0,227.0,430.0,48.0
Zapotlanejo,Jalisco,si,71254.0,1200.0,36.1,12.0,48.0,29.0,334.0,278.0,463.0,36.0
Tenamaxtlán,Jalisco,si,27923.0,1125.0,100.0,14.0,78.0,37.0,213.0,475.0,251.0,57.0
San Cristóbal de la Barranca,Jalisco,si,51751.0,1083.0,100.0,40.0,97.0,22.0,372.0,216.0,313.0,23.0
Amacueca,Jalisco,si,12398.0,1082.0,100.0,24.0,85.0,76.0,315.0,229.0,274.0,79.0
Mascota,Jalisco,si,182838.0,870.0,79.9,87.0,85.0,50.0,148.0,254.0,183.0,63.0
Guachinango,Jalisco,si,83108.0,856.0,84.7,39.0,51.0,65.0,157.0,243.0,268.0,33.0
Hostotipaquillo,Jalisco,si,74997.0,849.0,34.1,47.0,48.0,24.0,248.0,168.0,306.0,8.0
Concepción de Buenos Aires,Jalisco,si,26379.0,833.0,99.9,105.0,179.0,45.0,236.0,93.0,132.0,43.0
Juanacatlán,Jalisco,si,13692.0,824.0,100.0,7.0,58.0,38.0,249.0,130.0,308.0,34.0
Etzatlán,Jalisco,si,33479.0,822.0,80.5,24.0,29.0,31.0,179.0,194.0,333.0,32.0
Tapalpa,Jalisco,si,61439.0,723.0,73.8,61.0,135.0,79.0,155.0,74.0,162.0,57.0
Atengo,Jalisco,si,43740.0,688.0,100.0,9.0,14.0,14.0,131.0,272.0,229.0,19.0
Jocotepec,Jalisco,si,32182.0,667.0,100.0,24.0,43.0,33.0,176.0,122.0,203.0,66.0
Unión de Tula,Jalisco,si,43997.0,611.0,96.4,8.0,44.0,13.0,120.0,167.0,219.0,40.0
Ayutla,Jalisco,si,87735.0,555.0,95.4,7.0,31.0,20.0,99.0,237.0,151.0,10.0
Amatlán de Cañas,Nayarit,por confirmar,51392.0,543.0,27.7,15.0,27.0,18.0,118.0,153.0,204.0,8.0
Cuquío,Jalisco,si,63719.0,531.0,24.4,9.0,27.0,20.0,154.0,85.0,197.0,39.0
Sayula,Jalisco,si,21428.0,505.0,28.5,33.0,64.0,69.0,101.0,60.0,100.0,78.0
La Yesca,Nayarit,por confirmar,427430.0,451.0,26.1,19.0,13.0,3.0,131.0,4.0,235.0,46.0
Chapala,Jalisco,si,62466.0,446.0,83.7,15.0,76.0,34.0,114.0,84.0,71.0,52.0
Mixtlán,Jalisco,si,62589.0,360.0,100.0,30.0,62.0,25.0,52.0,52.0,103.0,36.0
San Marcos,Jalisco,si,30286.0,330.0,29.1,8.0,4.0,12.0,86.0,78.0,131.0,11.0
Gómez Farías,Jalisco,si,35098.0,310.0,25.8,23.0,57.0,55.0,60.0,55.0,45.0,15.0
San Pedro Tlaquepaque,Jalisco,si,11523.0,306.0,100.0,33.0,35.0,25.0,82.0,28.0,79.0,24.0
Techaluta de Montenegro,Jalisco,si,7840.0,297.0,100.0,10.0,29.0,28.0,78.0,73.0,67.0,12.0
Tonalá,Jalisco,si,15641.0,285.0,100.0,18.0,26.0,15.0,101.0,40.0,71.0,14.0
Talpa de Allende,Jalisco,si,198137.0,271.0,64.5,23.0,25.0,18.0,49.0,85.0,60.0,11.0
Cuautla,Jalisco,si,41409.0,266.0,100.0,74.0,47.0,9.0,70.0,21.0,40.0,5.0
San Martín de Bolaños,Jalisco,si,68352.0,265.0,86.1,11.0,9.0,2.0,105.0,6.0,107.0,25.0
Tuxcueca,Jalisco,si,13121.0,261.0,100.0,7.0,25.0,19.0,89.0,34.0,61.0,26.0
Mazamitla,Jalisco,si,28760.0,250.0,23.5,36.0,64.0,16.0,90.0,22.0,18.0,4.0
Guadalajara,Jalisco,si,14985.0,247.0,100.0,107.0,35.0,17.0,49.0,12.0,22.0,5.0
El Salto,Jalisco,si,9216.0,221.0,100.0,8.0,19.0,6.0,62.0,56.0,53.0,17.0
Atenguillo,Jalisco,si,60572.0,200.0,100.0,15.0,21.0,13.0,22.0,47.0,72.0,10.0
Atemajac de Brizuela,Jalisco,si,35348.0,167.0,100.0,5.0,18.0,2.0,31.0,13.0,83.0,15.0
Chiquilistlán,Jalisco,si,29517.0,162.0,100.0,3.0,12.0,1.0,60.0,29.0,48.0,9.0
La Manzanilla de la Paz,Jalisco,si,13298.0,144.0,66.6,13.0,17.0,3.0,23.0,43.0,29.0,16.0
San Sebastián del Oeste,Jalisco,si,110727.0,140.0,27.4,13.0,11.0,11.0,24.0,21.0,44.0,16.0
Tizapán el Alto,Jalisco,si,19210.0,113.0,43.9,4.0,4.0,6.0,36.0,24.0,28.0,11.0
Chimaltitán,Jalisco,si,64865.0,104.0,32.7,5.0,2.0,0.0,43.0,1.0,46.0,7.0
Ejutla,Jalisco,si,29598.0,91.0,65.8,2.0,14.0,3.0,18.0,20.0,15.0,19.0
Tamazula de Gordiano,Jalisco,si,135459.0,75.0,1.7,6.0,14.0,1.0,31.0,9.0,13.0,1.0
Tomatlán,Jalisco,si,299404.0,70.0,18.8,7.0,8.0,3.0,19.0,14.0,10.0,9.0
Villa Purificación,Jalisco,si,183554.0,49.0,20.6,7.0,5.0,5.0,7.0,12.0,11.0,2.0
Tonaya,Jalisco,si,29180.0,47.0,25.0,0.0,2.0,1.0,11.0,10.0,21.0,2.0
Poncitlán,Jalisco,si,82843.0,27.0,1.1,1.0,4.0,1.0,7.0,4.0,5.0,5.0
Zapotlán del Rey,Jalisco,si,39701.0,17.0,0.7,0.0,0.0,0.0,4.0,8.0,5.0,0.0
Yahualica de González Gallo,Jalisco,si,55816.0,7.0,1.8,0.0,0.0,0.0,2.0,0.0,2.0,3.0
El Limón,Jalisco,si,11335.0,4.0,9.2,0.0,0.0,0.0,0.0,0.0,0.0,4.0
Autlán de Navarro,Jalisco,si,70011.0,2.0,2.3,0.0,0.0,0.0,0.0,1.0,0.0,1.0
Puerto Vallarta,Jalisco,si,67451.0,1.0,2.1,0.0,0.0,0.0,0.0,0.0,1.0,0.0
