municipio,estado,denominacion_origen,area_ha,cobertura_pct,jima_2020,jima_2021,jima_2022,jima_2023,jima_2024,jima_2025,jima_2026
Acatlán de Juárez,Jalisco,si,15248.0,100.0,0.0,1.0,2.0,1.0,4.0,21.0,19.0
Ahualulco de Mercado,Jalisco,si,27153.0,100.0,0.0,1.0,0.0,3.0,33.0,173.0,21.0
Amacueca,Jalisco,si,12398.0,100.0,0.0,0.0,1.0,1.0,5.0,12.0,20.0
Amatitán,Jalisco,si,17138.0,100.0,0.0,1.0,1.0,8.0,14.0,73.0,124.0
Ameca,Jalisco,si,83197.0,100.0,0.0,2.0,2.0,6.0,10.0,54.0,106.0
San Juanito de Escobedo,Jalisco,si,19301.0,78.3,0.0,1.0,0.0,3.0,7.0,31.0,35.0
El Arenal,Jalisco,si,11080.0,100.0,0.0,1.0,1.0,2.0,2.0,26.0,50.0
Atemajac de Brizuela,Jalisco,si,35348.0,100.0,0.0,0.0,0.0,0.0,1.0,2.0,2.0
Atengo,Jalisco,si,43740.0,100.0,0.0,0.0,0.0,1.0,0.0,4.0,10.0
Atenguillo,Jalisco,si,60572.0,100.0,0.0,0.0,0.0,0.0,1.0,1.0,0.0
Atoyac,Jalisco,si,44837.0,100.0,0.0,2.0,2.0,27.0,5.0,13.0,15.0
Ayutla,Jalisco,si,87735.0,95.4,0.0,2.0,1.0,0.0,1.0,12.0,36.0
Cocula,Jalisco,si,32885.0,100.0,0.0,1.0,3.0,6.0,7.0,26.0,22.0
Concepción de Buenos Aires,Jalisco,si,26379.0,99.9,0.0,1.0,0.0,1.0,1.0,10.0,3.0
Cuautla,Jalisco,si,41409.0,100.0,0.0,0.0,0.0,0.0,0.0,1.0,1.0
Cuquío,Jalisco,si,63719.0,24.4,0.0,0.0,0.0,1.0,0.0,1.0,7.0
Chapala,Jalisco,si,62466.0,83.7,0.0,1.0,1.0,2.0,13.0,8.0,56.0
Chimaltitán,Jalisco,si,64865.0,32.7,0.0,0.0,0.0,0.0,0.0,0.0,0.0
Chiquilistlán,Jalisco,si,29517.0,100.0,0.0,0.0,0.0,0.0,0.0,1.0,2.0
Ejutla,Jalisco,si,29598.0,65.8,0.0,0.0,0.0,0.0,0.0,1.0,1.0
Etzatlán,Jalisco,si,33479.0,80.5,0.0,0.0,0.0,2.0,2.0,8.0,8.0
Guachinango,Jalisco,si,83108.0,84.7,0.0,0.0,0.0,0.0,1.0,7.0,5.0
Guadalajara,Jalisco,si,14985.0,100.0,0.0,0.0,0.0,1.0,1.0,2.0,3.0
Hostotipaquillo,Jalisco,si,74997.0,34.1,0.0,0.0,1.0,6.0,2.0,8.0,34.0
Ixtlahuacán de los Membrillos,Jalisco,si,19985.0,100.0,0.0,1.0,3.0,3.0,11.0,22.0,58.0
Ixtlahuacán del Río,Jalisco,si,82478.0,100.0,0.0,1.0,0.0,2.0,4.0,5.0,31.0
Jocotepec,Jalisco,si,32182.0,100.0,0.0,6.0,2.0,6.0,11.0,17.0,31.0
Juanacatlán,Jalisco,si,13692.0,100.0,0.0,1.0,0.0,1.0,6.0,12.0,24.0
Juchitlán,Jalisco,si,24420.0,100.0,0.0,7.0,0.0,4.0,14.0,41.0,73.0
El Limón,Jalisco,si,11335.0,9.2,0.0,0.0,0.0,0.0,0.0,0.0,0.0
Magdalena,Jalisco,si,29077.0,62.0,0.0,0.0,0.0,3.0,12.0,33.0,61.0
La Manzanilla de la Paz,Jalisco,si,13298.0,66.6,0.0,0.0,0.0,1.0,4.0,6.0,1.0
Mascota,Jalisco,si,182838.0,79.9,0.0,0.0,4.0,1.0,5.0,11.0,17.0
Mazamitla,Jalisco,si,28760.0,23.5,0.0,0.0,0.0,0.0,0.0,2.0,0.0
Mixtlán,Jalisco,si,62589.0,100.0,0.0,2.0,1.0,1.0,0.0,0.0,1.0
Poncitlán,Jalisco,si,82843.0,1.1,0.0,0.0,0.0,0.0,0.0,2.0,1.0
Villa Purificación,Jalisco,si,183554.0,20.6,0.0,0.0,0.0,0.0,0.0,0.0,0.0
El Salto,Jalisco,si,9216.0,100.0,0.0,1.0,0.0,1.0,3.0,8.0,3.0
San Cristóbal de la Barranca,Jalisco,si,51751.0,100.0,0.0,1.0,0.0,1.0,1.0,6.0,10.0
San Marcos,Jalisco,si,30286.0,29.1,0.0,0.0,0.0,0.0,0.0,8.0,9.0
San Martín de Bolaños,Jalisco,si,68352.0,86.1,0.0,0.0,0.0,0.0,1.0,1.0,0.0
San Martín Hidalgo,Jalisco,si,33991.0,100.0,0.0,1.0,2.0,2.0,5.0,22.0,34.0
Gómez Farías,Jalisco,si,35098.0,25.8,0.0,0.0,0.0,0.0,1.0,1.0,1.0
San Sebastián del Oeste,Jalisco,si,110727.0,27.4,0.0,0.0,0.0,0.0,0.0,1.0,1.0
Sayula,Jalisco,si,21428.0,28.5,0.0,0.0,0.0,1.0,2.0,9.0,18.0
Tala,Jalisco,si,44832.0,100.0,0.0,2.0,2.0,7.0,8.0,30.0,47.0
Talpa de Allende,Jalisco,si,198137.0,64.5,0.0,0.0,0.0,0.0,1.0,3.0,1.0
Tamazula de Gordiano,Jalisco,si,135459.0,1.7,0.0,0.0,0.0,0.0,0.0,1.0,0.0
Tapalpa,Jalisco,si,61439.0,73.8,0.0,8.0,2.0,4.0,2.0,7.0,4.0
Tecolotlán,Jalisco,si,75916.0,100.0,0.0,6.0,0.0,1.0,2.0,39.0,16.0
Techaluta de Montenegro,Jalisco,si,7840.0,100.0,0.0,0.0,0.0,1.0,0.0,4.0,11.0
Tenamaxtlán,Jalisco,si,27923.0,100.0,0.0,2.0,1.0,3.0,0.0,21.0,30.0
Teocuitatlán de Corona,Jalisco,si,33222.0,100.0,0.0,1.0,8.0,11.0,15.0,34.0,96.0
Tequila,Jalisco,si,167756.0,99.9,3.0,2.0,1.0,20.0,23.0,80.0,193.0
Teuchitlán,Jalisco,si,21741.0,100.0,0.0,10.0,3.0,7.0,17.0,19.0,78.0
Tizapán el Alto,Jalisco,si,19210.0,43.9,0.0,2.0,0.0,1.0,1.0,4.0,2.0
Tlajomulco de Zúñiga,Jalisco,si,66855.0,100.0,0.0,16.0,2.0,8.0,11.0,53.0,64.0
San Pedro Tlaquepaque,Jalisco,si,11523.0,100.0,0.0,1.0,0.0,1.0,3.0,7.0,5.0
Tomatlán,Jalisco,si,299404.0,18.8,0.0,0.0,0.0,0.0,0.0,1.0,0.0
Tonalá,Jalisco,si,15641.0,100.0,0.0,0.0,0.0,1.0,2.0,5.0,6.0
Tonaya,Jalisco,si,29180.0,25.0,0.0,0.0,0.0,0.0,0.0,0.0,0.0
Tuxcueca,Jalisco,si,13121.0,100.0,0.0,0.0,0.0,2.0,4.0,5.0,13.0
Unión de Tula,Jalisco,si,43997.0,96.4,0.0,2.0,2.0,2.0,6.0,15.0,35.0
Villa Corona,Jalisco,si,31575.0,100.0,0.0,2.0,1.0,3.0,13.0,28.0,59.0
Zacoalco de Torres,Jalisco,si,47538.0,100.0,0.0,3.0,2.0,8.0,22.0,41.0,122.0
Zapopan,Jalisco,si,114682.0,100.0,0.0,5.0,3.0,9.0,9.0,49.0,45.0
Zapotlán del Rey,Jalisco,si,39701.0,0.7,0.0,0.0,0.0,0.0,0.0,0.0,1.0
Zapotlanejo,Jalisco,si,71254.0,36.1,0.0,0.0,0.0,1.0,2.0,10.0,26.0
Amatlán de Cañas,Nayarit,por confirmar,51392.0,27.7,0.0,0.0,0.0,1.0,1.0,7.0,20.0
La Yesca,Nayarit,por confirmar,427430.0,26.1,0.0,0.0,0.0,1.0,0.0,1.0,1.0
