municipio,estado,denominacion_origen,area_ha,cobertura_pct,agua,urbano / sin vegetación,bosque / vegetación densa,agave en pie,agave cosechado (jima reciente),cultivo anual (maíz / temporal),selva baja caducifolia,"otro (pastizal, matorral, mixto)"
Tequila,Jalisco,si,167756.0,100.0,1202.0,941.0,9362.0,5820.0,322.0,32520.0,81291.0,37779.0
Santa María del Oro,Nayarit,si,108141.0,100.0,1324.0,218.0,16920.0,5398.0,366.0,41334.0,34072.0,9455.0
Tepatitlán de Morelos,Jalisco,si,138811.0,60.6,187.0,1031.0,672.0,4689.0,141.0,62115.0,10398.0,4875.0
San Pedro Lagunillas,Nayarit,si,51048.0,100.0,329.0,84.0,6425.0,4035.0,270.0,22614.0,13425.0,4299.0
Arandas,Jalisco,si,94162.0,44.9,269.0,362.0,65.0,3985.0,223.0,31779.0,2247.0,3387.0
Ameca,Jalisco,si,83197.0,100.0,57.0,356.0,2863.0,3929.0,181.0,40186.0,31728.0,4480.0
Zacoalco de Torres,Jalisco,si,47538.0,100.0,46.0,3626.0,1467.0,3863.0,199.0,17663.0,13421.0,7607.0
San Miguel el Alto,Jalisco,si,78014.0,100.0,203.0,485.0,311.0,3663.0,182.0,64369.0,4636.0,4951.0
Tlajomulco de Zúñiga,Jalisco,si,66855.0,100.0,325.0,3552.0,3414.0,3580.0,154.0,33582.0,9268.0,13515.0
Amatitán,Jalisco,si,17138.0,100.0,403.0,143.0,532.0,3463.0,221.0,4995.0,3542.0,4019.0
Tepic,Nayarit,si,161942.0,66.2,1139.0,2731.0,32534.0,3026.0,182.0,34059.0,24325.0,9267.0
Hostotipaquillo,Jalisco,si,74997.0,100.0,876.0,126.0,2343.0,2972.0,185.0,18340.0,45839.0,4921.0
Zapopan,Jalisco,si,114682.0,100.0,592.0,10114.0,10316.0,2870.0,120.0,31076.0,27298.0,33406.0
Encarnación de Díaz,Jalisco,si,124130.0,71.1,156.0,687.0,868.0,2838.0,176.0,66146.0,2075.0,15368.0
Teocuitatlán de Corona,Jalisco,si,33222.0,100.0,154.0,191.0,1923.0,2730.0,164.0,16134.0,9111.0,3058.0
Cuquío,Jalisco,si,63719.0,100.0,232.0,141.0,306.0,2243.0,107.0,49175.0,10096.0,2115.0
Villa Corona,Jalisco,si,31575.0,100.0,1605.0,284.0,583.0,2223.0,107.0,17934.0,6040.0,3040.0
Teuchitlán,Jalisco,si,21741.0,100.0,1178.0,89.0,1196.0,2197.0,135.0,13973.0,1759.0,1389.0
San Martín Hidalgo,Jalisco,si,33991.0,100.0,87.0,147.0,1352.0,2128.0,66.0,21890.0,5688.0,2893.0
Amatlán de Cañas,Nayarit,si,51392.0,100.0,12.0,148.0,6371.0,2106.0,123.0,14438.0,25573.0,3065.0
Magdalena,Jalisco,si,29077.0,100.0,12.0,193.0,2495.0,2074.0,168.0,11858.0,2781.0,9725.0
San Juanito de Escobedo,Jalisco,si,19301.0,100.0,128.0,86.0,1179.0,2006.0,98.0,11430.0,2626.0,1929.0
Ixtlahuacán del Río,Jalisco,si,82478.0,100.0,140.0,195.0,1243.0,1995.0,42.0,49162.0,27013.0,3538.0
Ahualulco de Mercado,Jalisco,si,27153.0,100.0,4.0,157.0,4059.0,1974.0,231.0,12274.0,5779.0,2912.0
Ixtlán del Río,Nayarit,si,48825.0,100.0,61.0,278.0,5743.0,1918.0,123.0,12394.0,21434.0,7283.0
Tala,Jalisco,si,44832.0,100.0,38.0,458.0,3168.0,1810.0,97.0,25062.0,4334.0,10225.0
Ahuacatlán,Nayarit,si,50020.0,100.0,3.0,423.0,5592.0,1767.0,144.0,14218.0,24061.0,4227.0
Atoyac,Jalisco,si,44837.0,100.0,119.0,3466.0,7449.0,1644.0,64.0,15029.0,5776.0,11430.0
El Arenal,Jalisco,si,11080.0,100.0,13.0,151.0,258.0,1608.0,82.0,5805.0,889.0,2386.0
Juchitlán,Jalisco,si,24420.0,100.0,6.0,39.0,796.0,1606.0,139.0,9558.0,10861.0,1538.0
Teocaltiche,Jalisco,si,92484.0,100.0,89.0,447.0,1722.0,1595.0,105.0,60667.0,7037.0,21396.0
Yahualica de González Gallo,Jalisco,si,55816.0,100.0,172.0,258.0,645.0,1587.0,99.0,36608.0,12091.0,4937.0
San Juan de los Lagos,Jalisco,si,83980.0,100.0,99.0,905.0,1596.0,1570.0,97.0,69621.0,4229.0,6752.0
Cocula,Jalisco,si,32885.0,100.0,63.0,185.0,793.0,1515.0,64.0,22376.0,6485.0,1653.0
San Julián,Jalisco,si,25921.0,96.0,196.0,232.0,57.0,1382.0,71.0,19734.0,1237.0,1982.0
Ixtlahuacán de los Membrillos,Jalisco,si,19985.0,100.0,75.0,262.0,1792.0,1376.0,97.0,10938.0,3137.0,2467.0
Tecolotlán,Jalisco,si,75916.0,100.0,90.0,114.0,10570.0,1369.0,64.0,28076.0,31549.0,4574.0
Etzatlán,Jalisco,si,33479.0,100.0,66.0,215.0,2156.0,1357.0,53.0,11021.0,15528.0,3370.0
Acatlán de Juárez,Jalisco,si,15248.0,100.0,395.0,117.0,458.0,1269.0,48.0,9373.0,2099.0,1608.0
Zapotlanejo,Jalisco,si,71254.0,36.6,17.0,119.0,509.0,1202.0,39.0,18120.0,4583.0,1470.0
Guachinango,Jalisco,si,83108.0,100.0,9.0,209.0,5829.0,1139.0,53.0,28415.0,42583.0,5580.0
Jalostotitlán,Jalisco,si,51615.0,100.0,39.0,371.0,1815.0,1134.0,31.0,39750.0,4264.0,4737.0
Xalisco,Nayarit,si,49902.0,64.7,12.0,373.0,13565.0,1124.0,48.0,10311.0,3658.0,3187.0
Tenamaxtlán,Jalisco,si,27923.0,100.0,111.0,58.0,888.0,1123.0,58.0,16358.0,8067.0,1452.0
San Cristóbal de la Barranca,Jalisco,si,51751.0,100.0,29.0,257.0,1142.0,1084.0,18.0,10872.0,23739.0,15066.0
Amacueca,Jalisco,si,12398.0,100.0,1.0,41.0,2279.0,1082.0,39.0,4400.0,3344.0,1296.0
Acatic,Jalisco,si,33611.0,37.2,22.0,27.0,169.0,918.0,48.0,8876.0,1754.0,705.0
La Yesca,Nayarit,no,427430.0,76.8,2357.0,448.0,25394.0,884.0,9.0,61592.0,184990.0,52690.0
Mascota,Jalisco,si,182838.0,81.2,171.0,292.0,61510.0,883.0,39.0,20798.0,45757.0,19078.0
Cañadas de Obregón,Jalisco,si,26923.0,100.0,25.0,96.0,684.0,859.0,58.0,17529.0,5512.0,2425.0
Concepción de Buenos Aires,Jalisco,si,26379.0,99.9,42.0,48.0,9514.0,833.0,16.0,11671.0,1755.0,2470.0
Juanacatlán,Jalisco,si,13692.0,100.0,8.0,92.0,1222.0,824.0,45.0,8651.0,1869.0,1084.0
San Marcos,Jalisco,si,30286.0,100.0,16.0,46.0,1390.0,795.0,62.0,10509.0,11604.0,6203.0
San Sebastián del Oeste,Jalisco,si,110727.0,94.9,8.0,280.0,38103.0,751.0,34.0,11910.0,50805.0,3175.0
Tapalpa,Jalisco,si,61439.0,73.8,328.0,271.0,19024.0,725.0,27.0,11816.0,7534.0,5591.0
Atengo,Jalisco,si,43740.0,100.0,6.0,42.0,2423.0,688.0,15.0,24433.0,12844.0,3603.0
Jocotepec,Jalisco,si,32182.0,100.0,74.0,310.0,1025.0,668.0,74.0,13565.0,12860.0,3851.0
Compostela,Nayarit,no,186395.0,38.2,11.0,224.0,26536.0,640.0,27.0,16083.0,23265.0,4358.0
Unión de Tula,Jalisco,si,43997.0,96.4,658.0,105.0,771.0,610.0,61.0,24198.0,14306.0,1701.0
San Ignacio Cerro Gordo,Jalisco,si,22586.0,38.0,39.0,93.0,40.0,595.0,23.0,7247.0,2.0,542.0
Valle de Guadalupe,Jalisco,si,34900.0,100.0,876.0,141.0,122.0,570.0,25.0,27789.0,3832.0,1886.0
Ayutla,Jalisco,si,87735.0,95.4,443.0,109.0,13598.0,555.0,52.0,27265.0,37180.0,4505.0
Mexticacán,Jalisco,si,28430.0,100.0,16.0,80.0,426.0,549.0,42.0,21145.0,4346.0,2110.0
Unión de San Antonio,Jalisco,si,72267.0,15.3,8.0,20.0,94.0,537.0,24.0,8630.0,1078.0,666.0
Sayula,Jalisco,si,21428.0,28.5,2.0,103.0,949.0,505.0,29.0,2112.0,1181.0,1237.0
Chapala,Jalisco,si,62466.0,83.7,40733.0,446.0,920.0,446.0,82.0,4428.0,3485.0,1724.0
Jala,Nayarit,si,49912.0,100.0,658.0,103.0,15685.0,413.0,11.0,8831.0,19949.0,4690.0
Mixtlán,Jalisco,si,62589.0,100.0,26.0,117.0,13154.0,359.0,5.0,16597.0,21264.0,11535.0
Gómez Farías,Jalisco,si,35098.0,25.8,0.0,1.0,4773.0,309.0,3.0,2855.0,304.0,811.0
San Pedro Tlaquepaque,Jalisco,si,11523.0,100.0,180.0,3874.0,499.0,305.0,18.0,2760.0,181.0,3800.0
Techaluta de Montenegro,Jalisco,si,7840.0,100.0,1.0,30.0,1591.0,297.0,17.0,2672.0,2593.0,695.0
Tonalá,Jalisco,si,15641.0,100.0,72.0,2293.0,365.0,284.0,14.0,7260.0,1863.0,3622.0
Talpa de Allende,Jalisco,si,198137.0,64.5,3.0,81.0,76341.0,272.0,5.0,13839.0,30530.0,6773.0
Cuautla,Jalisco,si,41409.0,100.0,11.0,40.0,11446.0,266.0,2.0,13366.0,9950.0,6610.0
San Martín de Bolaños,Jalisco,si,68352.0,86.1,17.0,211.0,1964.0,266.0,2.0,12496.0,31283.0,12609.0
Tuxcueca,Jalisco,si,13121.0,100.0,223.0,60.0,294.0,261.0,25.0,6418.0,5300.0,639.0
Mazamitla,Jalisco,si,28760.0,23.5,1.0,4.0,4747.0,250.0,3.0,1051.0,158.0,558.0
Guadalajara,Jalisco,si,14985.0,100.0,278.0,10334.0,620.0,248.0,8.0,456.0,707.0,2461.0
El Salto,Jalisco,si,9216.0,100.0,128.0,987.0,412.0,220.0,16.0,4699.0,107.0,2723.0
Atenguillo,Jalisco,si,60572.0,100.0,8.0,117.0,14914.0,200.0,2.0,19457.0,16923.0,9382.0
Villa Hidalgo,Jalisco,si,44871.0,64.2,50.0,231.0,364.0,199.0,8.0,17551.0,2005.0,8385.0
Atemajac de Brizuela,Jalisco,si,35348.0,100.0,7.0,42.0,9901.0,167.0,5.0,10617.0,12158.0,2704.0
Chiquilistlán,Jalisco,si,29517.0,100.0,4.0,20.0,5477.0,162.0,3.0,8201.0,13659.0,2195.0
La Manzanilla de la Paz,Jalisco,si,13298.0,66.6,43.0,27.0,1350.0,142.0,12.0,5647.0,1018.0,618.0
Tizapán el Alto,Jalisco,si,19210.0,43.9,39.0,71.0,45.0,114.0,10.0,5765.0,2063.0,324.0
Chimaltitán,Jalisco,si,64865.0,32.7,2.0,39.0,1244.0,105.0,0.0,3242.0,3676.0,12879.0
Ejutla,Jalisco,si,29598.0,65.8,263.0,20.0,563.0,91.0,2.0,5181.0,13063.0,299.0
Tamazula de Gordiano,Jalisco,si,135459.0,1.7,0.0,0.0,1413.0,74.0,1.0,209.0,291.0,365.0
Tomatlán,Jalisco,si,299404.0,18.8,3.0,93.0,33581.0,71.0,2.0,12139.0,7636.0,2793.0
Villa Purificación,Jalisco,si,183554.0,20.6,0.0,34.0,24661.0,50.0,0.0,3713.0,7753.0,1613.0
Lagos de Moreno,Jalisco,si,249022.0,2.9,53.0,54.0,8.0,47.0,3.0,6022.0,371.0,585.0
Tonaya,Jalisco,si,29180.0,25.0,0.0,1.0,819.0,47.0,0.0,1370.0,4907.0,143.0
Del Nayar,Nayarit,no,508929.0,7.0,1391.0,38.0,8031.0,42.0,10.0,3821.0,20736.0,1532.0
Poncitlán,Jalisco,si,82843.0,1.1,6.0,7.0,32.0,25.0,3.0,585.0,154.0,82.0
Zapotlán del Rey,Jalisco,si,39701.0,0.7,0.0,0.0,3.0,18.0,1.0,70.0,193.0,1.0
San Diego de Alejandría,Jalisco,si,34882.0,0.7,0.0,1.0,0.0,10.0,0.0,216.0,3.0,12.0
Bahía de Banderas,Nayarit,no,76593.0,2.6,0.0,32.0,528.0,5.0,0.0,312.0,1064.0,37.0
El Limón,Jalisco,si,11335.0,9.2,117.0,1.0,18.0,5.0,0.0,211.0,680.0,13.0
Autlán de Navarro,Jalisco,si,70011.0,2.3,0.0,0.0,29.0,2.0,0.0,57.0,1477.0,14.0
Puerto Vallarta,Jalisco,si,67451.0,2.1,0.0,0.0,1239.0,2.0,0.0,26.0,95.0,81.0
Jesús María,Jalisco,si,65918.0,0.3,0.0,0.0,2.0,1.0,0.0,58.0,147.0,11.0
El Grullo,Jalisco,si,17542.0,0.2,0.0,0.0,0.0,0.0,0.0,16.0,23.0,1.0
