municipio,estado,denominacion_origen,1993,1994,1995,1996,1997,1998,1999,2000,2001,2002,2003,2004,2005,2006,2007,2008,2009,2010,2011,2012,2013,2014,2015,2016,2017,2018,2019,2020,2021,2022,2023,2024,2025,2026
Ahualulco de Mercado,Jalisco,si,1.0,2.0,1.0,0.0,0.0,0.0,0.0,93.0,6.0,0.0,0.0,0.0,8.0,34.0,2.0,1.0,6.0,0.0,3.0,0.0,3.0,0.0,0.0,0.0,0.0,1.0,0.0,2.0,4.0,1.0,0.0,0.0,0.0,0.0
Amatitán,Jalisco,si,346.0,436.0,275.0,80.0,1.0,174.0,47.0,652.0,196.0,1361.0,1037.0,463.0,322.0,573.0,91.0,174.0,311.0,20.0,867.0,88.0,1327.0,631.0,170.0,683.0,1006.0,591.0,721.0,214.0,990.0,686.0,1053.0,134.0,0.0,0.0
San Juanito de Escobedo,Jalisco,si,103.0,78.0,114.0,44.0,2.0,19.0,8.0,427.0,198.0,71.0,94.0,14.0,56.0,194.0,49.0,75.0,30.0,18.0,313.0,114.0,138.0,14.0,7.0,89.0,69.0,32.0,45.0,31.0,107.0,117.0,195.0,46.0,0.0,0.0
El Arenal,Jalisco,si,46.0,25.0,10.0,1.0,0.0,0.0,0.0,21.0,26.0,114.0,121.0,49.0,31.0,78.0,6.0,10.0,21.0,0.0,69.0,1.0,143.0,40.0,15.0,42.0,114.0,36.0,39.0,11.0,72.0,78.0,128.0,12.0,0.0,0.0
Cuquío,Jalisco,si,32.0,28.0,104.0,41.0,0.0,7.0,0.0,21.0,39.0,134.0,49.0,95.0,83.0,272.0,50.0,232.0,83.0,5.0,394.0,14.0,219.0,43.0,17.0,68.0,134.0,22.0,27.0,16.0,110.0,66.0,199.0,118.0,0.0,0.0
Chimaltitán,Jalisco,si,14.0,33.0,279.0,31.0,0.0,99.0,8.0,792.0,414.0,143.0,3.0,35.0,22.0,183.0,12.0,184.0,49.0,3.0,3708.0,353.0,3179.0,30.0,23.0,129.0,325.0,70.0,1.0,0.0,11.0,1.0,39.0,4.0,0.0,0.0
Hostotipaquillo,Jalisco,si,32.0,32.0,249.0,29.0,0.0,6.0,0.0,85.0,21.0,25.0,43.0,12.0,16.0,153.0,28.0,333.0,707.0,2.0,1019.0,310.0,324.0,84.0,10.0,22.0,85.0,93.0,159.0,45.0,237.0,216.0,343.0,29.0,0.0,0.0
Ixtlahuacán del Río,Jalisco,si,75.0,166.0,412.0,112.0,1.0,43.0,12.0,137.0,201.0,777.0,419.0,263.0,95.0,727.0,369.0,554.0,652.0,15.0,1819.0,84.0,1621.0,140.0,29.0,305.0,429.0,65.0,75.0,62.0,333.0,265.0,618.0,381.0,0.0,0.0
Magdalena,Jalisco,si,182.0,214.0,242.0,153.0,1.0,125.0,88.0,562.0,116.0,191.0,253.0,148.0,200.0,699.0,235.0,435.0,385.0,47.0,1518.0,464.0,490.0,178.0,98.0,126.0,336.0,202.0,240.0,131.0,351.0,451.0,595.0,75.0,0.0,0.0
San Cristóbal de la Barranca,Jalisco,si,77.0,49.0,260.0,85.0,5.0,124.0,29.0,709.0,97.0,224.0,156.0,42.0,48.0,281.0,618.0,1575.0,754.0,22.0,2375.0,79.0,3341.0,238.0,7.0,398.0,868.0,68.0,141.0,42.0,267.0,243.0,303.0,53.0,0.0,0.0
San Martín de Bolaños,Jalisco,si,29.0,165.0,825.0,29.0,3.0,38.0,150.0,755.0,433.0,391.0,22.0,19.0,40.0,232.0,56.0,229.0,212.0,14.0,2236.0,657.0,2562.0,72.0,9.0,121.0,101.0,40.0,32.0,3.0,28.0,7.0,67.0,18.0,0.0,0.0
Tequila,Jalisco,si,523.0,863.0,2237.0,246.0,19.0,238.0,103.0,4044.0,670.0,1577.0,1067.0,680.0,761.0,2243.0,941.0,2525.0,2625.0,26.0,11216.0,2452.0,12621.0,930.0,272.0,1317.0,2065.0,617.0,836.0,332.0,1715.0,1227.0,2262.0,240.0,0.0,0.0
Yahualica de González Gallo,Jalisco,si,0.0,6.0,23.0,5.0,0.0,0.0,0.0,1.0,28.0,17.0,0.0,1.0,0.0,47.0,3.0,15.0,42.0,0.0,83.0,70.0,7.0,2.0,0.0,0.0,3.0,0.0,0.0,0.0,1.0,0.0,1.0,2.0,0.0,0.0
Zapopan,Jalisco,si,154.0,131.0,207.0,232.0,9.0,135.0,14.0,694.0,499.0,913.0,438.0,180.0,98.0,811.0,374.0,1180.0,1354.0,24.0,2476.0,29.0,5618.0,786.0,38.0,318.0,1374.0,110.0,114.0,61.0,249.0,200.0,269.0,68.0,0.0,0.0
La Yesca,Nayarit,no,146.0,320.0,2955.0,51.0,1.0,31.0,70.0,1960.0,1233.0,104.0,17.0,10.0,204.0,1399.0,249.0,778.0,1257.0,2.0,7861.0,3066.0,5039.0,195.0,5.0,77.0,156.0,34.0,28.0,2.0,85.0,4.0,167.0,35.0,0.0,0.0
