id,grupo,lat,lon,google_maps,clase
1,1,20.926008,-103.76267,"https://maps.google.com/?q=20.926008,-103.76267&t=k",
2,1,20.916309,-103.796114,"https://maps.google.com/?q=20.916309,-103.796114&t=k",
3,1,20.915647,-103.681991,"https://maps.google.com/?q=20.915647,-103.681991&t=k",
4,1,20.891301,-103.6997,"https://maps.google.com/?q=20.891301,-103.6997&t=k",
5,2,20.871884,-103.724569,"https://maps.google.com/?q=20.871884,-103.724569&t=k",
6,2,20.882761,-103.804552,"https://maps.google.com/?q=20.882761,-103.804552&t=k",
7,2,20.795236,-103.695337,"https://maps.google.com/?q=20.795236,-103.695337&t=k",
8,2,20.816018,-103.707745,"https://maps.google.com/?q=20.816018,-103.707745&t=k",
9,3,20.79745,-103.826843,"https://maps.google.com/?q=20.79745,-103.826843&t=k",
10,3,20.805724,-103.847917,"https://maps.google.com/?q=20.805724,-103.847917&t=k",
11,3,20.804372,-103.875694,"https://maps.google.com/?q=20.804372,-103.875694&t=k",
12,3,20.797708,-103.811853,"https://maps.google.com/?q=20.797708,-103.811853&t=k",
13,4,20.902592,-103.699506,"https://maps.google.com/?q=20.902592,-103.699506&t=k",
14,4,20.898462,-103.679353,"https://maps.google.com/?q=20.898462,-103.679353&t=k",
15,5,20.782592,-103.83397,"https://maps.google.com/?q=20.782592,-103.83397&t=k",
16,5,20.821653,-103.893343,"https://maps.google.com/?q=20.821653,-103.893343&t=k",
17,5,20.829,-103.87013,"https://maps.google.com/?q=20.829,-103.87013&t=k",
18,5,20.811723,-103.866992,"https://maps.google.com/?q=20.811723,-103.866992&t=k",
19,6,20.905734,-103.87494,"https://maps.google.com/?q=20.905734,-103.87494&t=k",
20,6,20.85179,-103.743768,"https://maps.google.com/?q=20.85179,-103.743768&t=k",
21,6,20.83915,-103.769724,"https://maps.google.com/?q=20.83915,-103.769724&t=k",
22,6,20.927046,-103.859877,"https://maps.google.com/?q=20.927046,-103.859877&t=k",
23,7,20.853364,-103.773933,"https://maps.google.com/?q=20.853364,-103.773933&t=k",
24,7,20.845736,-103.743626,"https://maps.google.com/?q=20.845736,-103.743626&t=k",
25,7,20.909464,-103.865106,"https://maps.google.com/?q=20.909464,-103.865106&t=k",
26,7,20.880736,-103.73651,"https://maps.google.com/?q=20.880736,-103.73651&t=k",
27,8,20.862021,-103.746855,"https://maps.google.com/?q=20.862021,-103.746855&t=k",
28,8,20.873748,-103.696198,"https://maps.google.com/?q=20.873748,-103.696198&t=k",
29,8,20.800313,-103.733915,"https://maps.google.com/?q=20.800313,-103.733915&t=k",
30,8,20.902623,-103.882751,"https://maps.google.com/?q=20.902623,-103.882751&t=k",
31,9,20.855822,-103.776605,"https://maps.google.com/?q=20.855822,-103.776605&t=k",
32,9,20.890538,-103.87217,"https://maps.google.com/?q=20.890538,-103.87217&t=k",
33,9,20.841575,-103.780372,"https://maps.google.com/?q=20.841575,-103.780372&t=k",
34,9,20.900136,-103.834891,"https://maps.google.com/?q=20.900136,-103.834891&t=k",
35,10,20.887447,-103.777406,"https://maps.google.com/?q=20.887447,-103.777406&t=k",
36,10,20.89804,-103.859039,"https://maps.google.com/?q=20.89804,-103.859039&t=k",
37,10,20.883708,-103.823867,"https://maps.google.com/?q=20.883708,-103.823867&t=k",
38,10,20.834005,-103.708937,"https://maps.google.com/?q=20.834005,-103.708937&t=k",
39,11,20.843288,-103.845132,"https://maps.google.com/?q=20.843288,-103.845132&t=k",
40,11,20.791014,-103.797687,"https://maps.google.com/?q=20.791014,-103.797687&t=k",
41,11,20.815235,-103.748395,"https://maps.google.com/?q=20.815235,-103.748395&t=k",
42,11,20.814027,-103.820085,"https://maps.google.com/?q=20.814027,-103.820085&t=k",
43,12,20.859231,-103.736017,"https://maps.google.com/?q=20.859231,-103.736017&t=k",
44,12,20.832751,-103.698473,"https://maps.google.com/?q=20.832751,-103.698473&t=k",
45,12,20.925744,-103.867868,"https://maps.google.com/?q=20.925744,-103.867868&t=k",
46,12,20.844137,-103.687035,"https://maps.google.com/?q=20.844137,-103.687035&t=k",
