grupo,ndvi_m01,ndvi_m02,ndvi_m03,ndvi_m04,ndvi_m05,ndvi_m06,ndvi_m07,ndvi_m08,ndvi_m09,ndvi_m10,ndvi_m11,ndvi_m12,ndvi_media,ndvi_min,ndvi_max,ndre_m01,ndre_m02,ndre_m03,ndre_m04,ndre_m05,ndre_m06,ndre_m07,ndre_m08,ndre_m09,ndre_m10,ndre_m11,ndre_m12,ndre_media,ndre_min,ndre_max,ndmi_m01,ndmi_m02,ndmi_m03,ndmi_m04,ndmi_m05,ndmi_m06,ndmi_m07,ndmi_m08,ndmi_m09,ndmi_m10,ndmi_m11,ndmi_m12,ndmi_media,ndmi_min,ndmi_max,bsi_m01,bsi_m02,bsi_m03,bsi_m04,bsi_m05,bsi_m06,bsi_m07,bsi_m08,bsi_m09,bsi_m10,bsi_m11,bsi_m12,bsi_media,bsi_min,bsi_max,ndvi_mes_pico,ndwi_media
1,0.481,0.39,0.319,0.3,0.295,0.69,0.843,0.842,0.793,0.796,0.668,0.572,0.582,0.282,0.862,0.333,0.274,0.231,0.221,0.217,0.443,0.565,0.566,0.545,0.547,0.448,0.385,0.398,0.209,0.592,-0.063,-0.14,-0.166,-0.168,-0.159,0.163,0.321,0.326,0.288,0.239,0.1,-0.023,0.06,-0.186,0.347,0.099,0.17,0.194,0.191,0.185,-0.126,-0.29,-0.291,-0.249,-0.197,-0.038,0.07,-0.024,-0.315,0.208,7.6,-0.587
2,0.375,0.324,0.275,0.259,0.244,0.461,0.651,0.677,0.64,0.57,0.458,0.414,0.446,0.235,0.72,0.269,0.232,0.197,0.189,0.18,0.325,0.433,0.445,0.434,0.391,0.316,0.292,0.309,0.173,0.48,-0.024,-0.064,-0.08,-0.082,-0.084,0.07,0.208,0.235,0.221,0.141,0.059,-0.015,0.049,-0.104,0.276,0.086,0.121,0.138,0.136,0.141,-0.014,-0.149,-0.171,-0.158,-0.066,0.032,0.085,0.015,-0.216,0.155,8.045,-0.497
3,0.746,0.747,0.638,0.661,0.675,0.713,0.756,0.817,0.704,0.818,0.828,0.819,0.743,0.553,0.849,0.535,0.514,0.41,0.432,0.458,0.49,0.531,0.581,0.521,0.596,0.595,0.578,0.52,0.365,0.616,0.28,0.243,0.162,0.203,0.206,0.271,0.312,0.325,0.302,0.308,0.305,0.297,0.268,0.107,0.361,-0.229,-0.189,-0.096,-0.138,-0.147,-0.219,-0.268,-0.284,-0.251,-0.267,-0.258,-0.253,-0.217,-0.316,-0.043,9.921,-0.689
4,-0.354,-0.229,-0.093,-0.049,-0.162,-0.764,-0.493,-0.014,-0.153,-0.768,-0.727,-0.732,-0.378,-0.958,0.118,-0.469,-0.511,-0.568,-0.526,-0.406,-0.788,-0.676,-0.412,-0.288,-0.813,-0.82,-0.848,-0.594,-0.97,-0.133,-0.161,-0.22,0.122,0.277,0.164,-0.729,-0.232,0.349,-0.15,-0.713,-0.946,-0.814,-0.254,-0.967,0.402,0.013,0.111,-0.045,-0.134,-0.087,0.153,-0.031,-0.148,0.038,0.293,0.905,0.678,0.145,-0.192,0.909,7.307,0.492
5,0.647,0.632,0.512,0.531,0.611,0.656,0.698,0.757,0.64,0.732,0.73,0.715,0.655,0.444,0.785,0.445,0.42,0.331,0.347,0.413,0.453,0.492,0.526,0.463,0.51,0.499,0.482,0.448,0.295,0.548,0.111,0.072,0.018,0.068,0.137,0.201,0.221,0.218,0.202,0.156,0.135,0.12,0.138,-0.016,0.255,-0.072,-0.028,0.04,-0.004,-0.075,-0.149,-0.179,-0.178,-0.159,-0.118,-0.089,-0.079,-0.091,-0.211,0.072,9.141,-0.629
6,0.491,0.458,0.406,0.38,0.355,0.444,0.507,0.52,0.519,0.507,0.501,0.519,0.467,0.345,0.594,0.362,0.33,0.285,0.266,0.25,0.333,0.369,0.37,0.378,0.374,0.363,0.379,0.338,0.244,0.425,0.216,0.183,0.141,0.124,0.099,0.171,0.206,0.208,0.21,0.216,0.218,0.225,0.185,0.086,0.287,-0.111,-0.077,-0.037,-0.023,-0.001,-0.081,-0.117,-0.118,-0.125,-0.11,-0.1,-0.115,-0.085,-0.189,0.009,9.246,-0.515
7,0.295,0.253,0.216,0.201,0.186,0.27,0.34,0.373,0.395,0.446,0.359,0.322,0.305,0.173,0.518,0.213,0.182,0.155,0.146,0.138,0.208,0.252,0.269,0.289,0.313,0.251,0.228,0.22,0.129,0.36,-0.065,-0.096,-0.106,-0.107,-0.106,-0.042,-0.004,0.019,0.048,0.063,-0.003,-0.063,-0.038,-0.138,0.129,0.125,0.151,0.161,0.161,0.163,0.097,0.068,0.051,0.019,0.015,0.091,0.132,0.103,-0.054,0.186,9.001,-0.41
8,0.335,0.271,0.224,0.204,0.191,0.368,0.623,0.699,0.682,0.653,0.475,0.383,0.426,0.185,0.753,0.239,0.199,0.168,0.156,0.149,0.266,0.413,0.463,0.462,0.436,0.318,0.265,0.295,0.143,0.506,-0.15,-0.198,-0.2,-0.195,-0.186,-0.056,0.132,0.207,0.22,0.156,-0.01,-0.14,-0.035,-0.226,0.267,0.185,0.223,0.226,0.219,0.216,0.091,-0.086,-0.156,-0.168,-0.094,0.085,0.185,0.077,-0.216,0.245,8.566,-0.487
9,0.128,0.119,0.112,0.106,0.099,0.107,0.132,0.158,0.166,0.142,0.133,0.132,0.128,0.056,0.225,0.098,0.084,0.074,0.07,0.071,0.095,0.116,0.13,0.144,0.116,0.105,0.098,0.1,0.038,0.183,-0.082,-0.087,-0.087,-0.087,-0.087,-0.064,-0.057,-0.048,-0.033,-0.067,-0.086,-0.092,-0.073,-0.145,0.009,0.127,0.135,0.133,0.132,0.133,0.106,0.1,0.097,0.079,0.117,0.147,0.146,0.121,0.05,0.182,8.025,-0.225
10,0.442,0.391,0.321,0.295,0.299,0.406,0.495,0.526,0.517,0.555,0.502,0.481,0.436,0.266,0.607,0.312,0.272,0.223,0.208,0.214,0.297,0.352,0.365,0.367,0.388,0.346,0.335,0.306,0.191,0.419,0.032,-0.012,-0.043,-0.055,-0.047,0.031,0.078,0.094,0.112,0.125,0.085,0.042,0.037,-0.082,0.177,0.033,0.074,0.106,0.116,0.109,0.024,-0.021,-0.032,-0.053,-0.052,0.0,0.029,0.028,-0.109,0.137,9.09,-0.493
11,0.717,0.634,0.468,0.383,0.438,0.641,0.772,0.815,0.728,0.827,0.809,0.781,0.668,0.354,0.843,0.495,0.419,0.313,0.263,0.29,0.429,0.525,0.558,0.521,0.585,0.567,0.533,0.458,0.249,0.595,0.182,0.093,-0.025,-0.094,-0.04,0.16,0.27,0.292,0.271,0.271,0.244,0.206,0.152,-0.116,0.314,-0.138,-0.041,0.081,0.141,0.093,-0.116,-0.233,-0.254,-0.227,-0.234,-0.198,-0.163,-0.107,-0.276,0.161,9.341,-0.648
12,0.52,0.46,0.38,0.348,0.343,0.498,0.653,0.691,0.659,0.671,0.604,0.571,0.533,0.317,0.734,0.365,0.319,0.262,0.243,0.241,0.352,0.442,0.459,0.453,0.463,0.412,0.394,0.367,0.225,0.498,0.103,0.047,0.001,-0.016,-0.019,0.101,0.207,0.238,0.239,0.233,0.179,0.122,0.119,-0.041,0.29,-0.033,0.021,0.067,0.081,0.084,-0.044,-0.152,-0.179,-0.181,-0.162,-0.092,-0.047,-0.053,-0.229,0.103,8.743,-0.553
