id,B02_2026-04,B03_2026-04,B04_2026-04,B05_2026-04,B06_2026-04,B07_2026-04,B08_2026-04,B8A_2026-04,B11_2026-04,B12_2026-04,ndvi_2026-04,ndre_2026-04,ndmi_2026-04,bsi_2026-04,azul_rojo_2026-04,swir_ratio_2026-04,re_pendiente_2026-04,B02_2026-05,B03_2026-05,B04_2026-05,B05_2026-05,B06_2026-05,B07_2026-05,B08_2026-05,B8A_2026-05,B11_2026-05,B12_2026-05,ndvi_2026-05,ndre_2026-05,ndmi_2026-05,bsi_2026-05,azul_rojo_2026-05,swir_ratio_2026-05,re_pendiente_2026-05,B02_2025-09,B03_2025-09,B04_2025-09,B05_2025-09,B06_2025-09,B07_2025-09,B08_2025-09,B8A_2025-09,B11_2025-09,B12_2025-09,ndvi_2025-09,ndre_2025-09,ndmi_2025-09,bsi_2025-09,azul_rojo_2025-09,swir_ratio_2025-09,re_pendiente_2025-09
p01,0.0733,0.0951,0.1131,0.1528,0.2086,0.2328,0.2446,0.252,0.2736,0.2108,0.3674,0.2449,-0.056,0.0977,0.6477,0.7704,0.5234,0.0806,0.1079,0.1328,0.1728,0.2223,0.2463,0.262,0.2706,0.3054,0.2245,0.3271,0.2206,-0.0765,0.1225,0.6069,0.7351,0.4253,0.0595,0.0879,0.0664,0.1422,0.2905,0.3489,0.3621,0.3634,0.2001,0.115,0.6902,0.4377,0.2881,-0.2254,0.8959,0.5747,1.4544
p02,0.0685,0.0963,0.1235,0.1602,0.2091,0.2315,0.237,0.2547,0.2944,0.2248,0.3147,0.2278,-0.1082,0.1554,0.5548,0.7633,0.4455,0.0888,0.1279,0.1735,0.222,0.2496,0.2686,0.2893,0.3102,0.3954,0.2783,0.2502,0.1657,-0.155,0.2015,0.5118,0.7038,0.2099,0.0588,0.0784,0.0777,0.1223,0.2316,0.2727,0.2608,0.2862,0.2082,0.1401,0.5408,0.4012,0.1122,-0.0556,0.7559,0.6729,1.2298
p03,0.0625,0.0823,0.1059,0.1361,0.188,0.2123,0.2241,0.2397,0.255,0.1825,0.3582,0.2757,-0.0644,0.1147,0.59,0.7157,0.5599,0.0649,0.0887,0.1168,0.151,0.1962,0.2236,0.2297,0.2496,0.2817,0.2052,0.3259,0.2463,-0.1017,0.1499,0.5557,0.7283,0.4816,0.0756,0.0899,0.0931,0.1405,0.2221,0.2552,0.2524,0.279,0.1941,0.1295,0.461,0.3302,0.1307,-0.0664,0.8121,0.6672,0.8164
p04,0.0695,0.0971,0.1242,0.1662,0.2312,0.255,0.2664,0.2724,0.2792,0.21,0.3643,0.2421,-0.0233,0.0912,0.5596,0.7525,0.5338,0.074,0.1041,0.1351,0.1756,0.2402,0.2631,0.2749,0.2802,0.2903,0.2243,0.341,0.2294,-0.0273,0.0989,0.5477,0.7726,0.4979,0.0914,0.1011,0.0839,0.1351,0.2823,0.3264,0.3228,0.3427,0.1811,0.1124,0.5876,0.4345,0.2813,-0.2197,1.0893,0.6207,1.416
p05,0.0813,0.1075,0.121,0.156,0.2703,0.3191,0.3169,0.3329,0.2154,0.1573,0.4475,0.3618,0.1907,-0.0841,0.6719,0.7303,1.0455,0.0852,0.1144,0.1302,0.1672,0.2853,0.3321,0.3329,0.3536,0.2281,0.1636,0.4378,0.3579,0.1868,-0.0771,0.6545,0.7172,0.9862,0.1034,0.1147,0.1104,0.1433,0.2633,0.3259,0.3137,0.3386,0.1901,0.142,0.4792,0.4053,0.2453,-0.1624,0.9361,0.747,1.2742
p06,0.0757,0.1042,0.1161,0.1694,0.3015,0.3584,0.3545,0.3646,0.2324,0.203,0.5065,0.3654,0.208,-0.1049,0.6519,0.8733,1.1148,0.0819,0.1093,0.1228,0.1799,0.3194,0.3758,0.3707,0.3848,0.2462,0.2156,0.5023,0.3628,0.2019,-0.1018,0.6669,0.8757,1.0889,0.0827,0.0969,0.1106,0.1525,0.2669,0.3305,0.3194,0.3403,0.2181,0.1828,0.4857,0.3811,0.1884,-0.1005,0.7482,0.8381,1.1672
p07,0.0881,0.1233,0.1511,0.1947,0.2549,0.2814,0.2894,0.316,0.2976,0.2073,0.314,0.2375,-0.014,0.0861,0.5834,0.6966,0.4453,0.1,0.1371,0.1711,0.2276,0.2735,0.3001,0.312,0.3326,0.3298,0.2248,0.2916,0.1873,-0.0278,0.0975,0.5845,0.6815,0.3183,0.0605,0.0799,0.068,0.1168,0.2473,0.2894,0.2761,0.3114,0.1426,0.0864,0.6046,0.4545,0.3188,-0.2302,0.8896,0.6055,1.4782
p08,0.074,0.099,0.1206,0.1522,0.2296,0.2637,0.2719,0.2815,0.2366,0.178,0.3855,0.2981,0.0695,0.0161,0.6135,0.7523,0.7326,0.0805,0.1047,0.1272,0.1638,0.2389,0.2728,0.2766,0.2889,0.2412,0.1859,0.3701,0.2763,0.0684,0.0155,0.6329,0.7707,0.6651,0.0665,0.0855,0.0894,0.1377,0.261,0.3124,0.2991,0.3256,0.1916,0.1365,0.54,0.4056,0.2191,-0.1309,0.7438,0.7124,1.2687
p09,0.0578,0.0771,0.0996,0.1332,0.2009,0.2326,0.2332,0.2465,0.2179,0.1803,0.4014,0.2984,0.0338,0.0436,0.5805,0.8274,0.7462,0.0641,0.0862,0.1091,0.1471,0.2166,0.2481,0.2512,0.269,0.2402,0.1921,0.3943,0.2929,0.0224,0.0512,0.5876,0.8,0.6866,0.062,0.0801,0.0843,0.1369,0.2578,0.2996,0.2893,0.3088,0.192,0.1372,0.5488,0.3857,0.2021,-0.1195,0.7357,0.7146,1.1885
p10,0.0554,0.0731,0.0907,0.1214,0.1733,0.2006,0.2059,0.2239,0.2355,0.1725,0.3883,0.2968,-0.0671,0.1105,0.6107,0.7325,0.6524,0.061,0.081,0.1024,0.1364,0.19,0.2156,0.2232,0.2407,0.2588,0.1856,0.3709,0.2768,-0.0738,0.1193,0.5957,0.717,0.5812,0.0614,0.0804,0.0677,0.1347,0.2924,0.3617,0.3635,0.3839,0.1956,0.1227,0.6859,0.4805,0.3004,-0.2349,0.9071,0.6273,1.6852
p11,0.0637,0.0874,0.1094,0.1501,0.2389,0.2716,0.2734,0.2829,0.2051,0.1594,0.4283,0.3067,0.1428,-0.0346,0.5816,0.7772,0.8095,0.0677,0.0926,0.118,0.1589,0.2386,0.2703,0.2767,0.2851,0.205,0.1653,0.402,0.2842,0.1488,-0.032,0.5736,0.8063,0.7011,0.0695,0.0842,0.0858,0.1312,0.2616,0.3154,0.304,0.3214,0.1456,0.103,0.5598,0.4203,0.3525,-0.2351,0.8106,0.7077,1.4045
p12,0.0547,0.0787,0.1003,0.1391,0.2063,0.2389,0.2453,0.2632,0.233,0.1719,0.4194,0.3085,0.0258,0.0526,0.5452,0.7378,0.7175,0.0635,0.0857,0.1085,0.1468,0.2188,0.2516,0.2624,0.2778,0.252,0.1782,0.4148,0.3086,0.0202,0.0505,0.585,0.7071,0.7141,0.0591,0.0763,0.0639,0.1236,0.3016,0.3562,0.3405,0.3796,0.1706,0.1056,0.6841,0.5087,0.3324,-0.2604,0.9252,0.619,1.8819
p13,0.071,0.1026,0.1137,0.1699,0.2479,0.2728,0.2824,0.3003,0.3073,0.2192,0.4259,0.2773,-0.0422,0.0873,0.6246,0.7131,0.6057,0.0853,0.1219,0.1468,0.2012,0.2608,0.2864,0.2955,0.3186,0.3484,0.2499,0.3363,0.2259,-0.0821,0.1306,0.5811,0.7173,0.4235,0.0592,0.0855,0.0692,0.1318,0.2796,0.3306,0.3271,0.3565,0.2183,0.125,0.6508,0.4603,0.1995,-0.1466,0.8553,0.5724,1.5097
p14,0.0733,0.0922,0.0914,0.1361,0.28,0.3362,0.343,0.3517,0.1588,0.1216,0.579,0.442,0.3669,-0.249,0.8015,0.7658,1.4706,0.079,0.1013,0.1114,0.1493,0.2613,0.3114,0.3153,0.3314,0.1855,0.1428,0.4779,0.3788,0.2593,-0.141,0.7095,0.7698,1.0857,0.0824,0.0888,0.0891,0.1152,0.2197,0.2766,0.27,0.2868,0.1637,0.1364,0.5037,0.4269,0.2452,-0.1646,0.9245,0.8332,1.401
p15,0.067,0.087,0.0933,0.1324,0.2264,0.2615,0.2745,0.2821,0.2152,0.1691,0.4927,0.3612,0.1211,-0.0508,0.7182,0.7858,0.9751,0.0762,0.0966,0.1046,0.1422,0.2365,0.2731,0.2824,0.2931,0.2268,0.1819,0.4595,0.3467,0.1091,-0.0393,0.7282,0.8019,0.9212,0.0752,0.0821,0.0839,0.1168,0.2076,0.2547,0.2506,0.2684,0.1937,0.1597,0.4984,0.3938,0.128,-0.0798,0.8961,0.8242,1.1816
p16,0.0576,0.0777,0.0857,0.13,0.2335,0.282,0.2871,0.2992,0.1973,0.1437,0.5404,0.3942,0.1854,-0.0984,0.6728,0.7283,1.1692,0.0715,0.0942,0.1106,0.1553,0.2512,0.2951,0.3063,0.3166,0.2434,0.1773,0.4694,0.3418,0.1145,-0.0326,0.6469,0.7286,0.9002,0.0733,0.0822,0.0703,0.1216,0.299,0.3792,0.3436,0.3929,0.1818,0.12,0.6601,0.5271,0.308,-0.2463,1.0423,0.66,2.1167
p17,0.0791,0.0925,0.1064,0.1372,0.2075,0.2399,0.2424,0.2589,0.2462,0.2042,0.3902,0.3072,-0.0077,0.0461,0.7433,0.8294,0.7485,0.0888,0.1034,0.1159,0.1502,0.2231,0.254,0.2558,0.2787,0.2652,0.2224,0.3763,0.2996,-0.0179,0.0502,0.766,0.8388,0.6907,0.0786,0.0823,0.0873,0.1161,0.1918,0.2337,0.2287,0.2468,0.2127,0.1766,0.4474,0.3602,0.0362,-0.012,0.9005,0.8303,1.0129
p18,0.0956,0.1156,0.1338,0.1756,0.2675,0.3094,0.3175,0.3309,0.2714,0.2302,0.4071,0.3067,0.0782,-0.0096,0.7144,0.848,0.7617,0.0819,0.101,0.1128,0.1504,0.2315,0.266,0.2765,0.2843,0.236,0.1922,0.4206,0.308,0.0791,-0.0136,0.726,0.8144,0.7686,0.0753,0.0833,0.0883,0.1226,0.202,0.2447,0.2428,0.2607,0.1758,0.1161,0.4665,0.3603,0.1601,-0.0927,0.8523,0.6604,0.9959
p19,0.064,0.0861,0.1118,0.1429,0.2067,0.234,0.236,0.2471,0.2127,0.1779,0.357,0.2672,0.052,0.0392,0.5726,0.8364,0.6375,0.0693,0.0943,0.1209,0.1552,0.2143,0.2416,0.2456,0.2558,0.232,0.1928,0.3402,0.2448,0.0284,0.057,0.573,0.831,0.5567,0.1034,0.111,0.1077,0.132,0.212,0.249,0.2414,0.2562,0.1689,0.128,0.383,0.32,0.1766,-0.1097,0.96,0.7578,0.886
p20,0.0645,0.0833,0.0876,0.1289,0.2258,0.264,0.256,0.2708,0.1483,0.1121,0.4901,0.355,0.2665,-0.1521,0.7362,0.7559,1.0481,0.0727,0.0937,0.0985,0.1448,0.2413,0.2803,0.2663,0.2829,0.1643,0.1267,0.4598,0.3229,0.2368,-0.1265,0.7375,0.7712,0.9358,0.2111,0.2166,0.2052,0.2518,0.3842,0.4532,0.4317,0.4613,0.2897,0.2072,0.3556,0.2938,0.1969,-0.13,1.0287,0.7152,0.7998
p21,0.0738,0.0967,0.1173,0.1487,0.2213,0.2462,0.2532,0.2633,0.2235,0.1675,0.3667,0.2782,0.0623,0.0207,0.6291,0.7494,0.6557,0.0832,0.1068,0.1305,0.1651,0.2254,0.2529,0.2622,0.2732,0.2375,0.1758,0.3356,0.2466,0.0495,0.0316,0.6378,0.7402,0.5318,0.0837,0.0973,0.0952,0.1395,0.2683,0.316,0.3194,0.3343,0.1844,0.126,0.5407,0.4111,0.2681,-0.181,0.8794,0.6832,1.2652
p22,0.0714,0.0963,0.1149,0.1565,0.2554,0.2988,0.3019,0.3156,0.226,0.1722,0.4485,0.337,0.1437,-0.0452,0.621,0.7617,0.9093,0.0805,0.1044,0.1253,0.167,0.2597,0.3038,0.3074,0.3219,0.2363,0.1828,0.421,0.3168,0.1308,-0.0351,0.6424,0.7736,0.8192,0.0801,0.0875,0.0788,0.1179,0.2506,0.3217,0.3002,0.326,0.1371,0.0922,0.5842,0.4688,0.3729,-0.2757,1.0164,0.6725,1.7286
p23,0.0761,0.1002,0.1152,0.1589,0.2684,0.3092,0.3149,0.3277,0.2304,0.1674,0.4644,0.3469,0.155,-0.0617,0.6609,0.7266,0.9459,0.0832,0.1098,0.1268,0.1768,0.2842,0.326,0.3361,0.356,0.242,0.1727,0.452,0.3363,0.1628,-0.064,0.656,0.7136,0.8434,0.0674,0.0812,0.0708,0.1273,0.2863,0.3423,0.3306,0.359,0.1575,0.1076,0.6473,0.4765,0.3547,-0.2711,0.9526,0.6832,1.6889
p24,0.0629,0.0831,0.0893,0.1312,0.2179,0.252,0.2515,0.2665,0.2025,0.1572,0.4758,0.3402,0.108,-0.0373,0.7042,0.7763,0.9207,0.0711,0.09,0.1006,0.1406,0.2286,0.2669,0.2641,0.2834,0.2228,0.1696,0.4484,0.3366,0.0849,-0.018,0.7074,0.7614,0.8976,0.1078,0.1187,0.112,0.1435,0.2409,0.2783,0.2669,0.2925,0.2083,0.1635,0.409,0.3417,0.1233,-0.0784,0.9631,0.7849,0.9394
p25,0.0787,0.1036,0.1244,0.1685,0.2414,0.2717,0.2755,0.2874,0.2479,0.1884,0.3779,0.2608,0.0528,0.0249,0.6325,0.76,0.6125,0.0886,0.1156,0.141,0.1894,0.253,0.2852,0.2847,0.3054,0.2786,0.2029,0.3375,0.2343,0.0109,0.0584,0.6285,0.7283,0.5054,0.0635,0.0862,0.0697,0.1415,0.3455,0.4122,0.3792,0.4339,0.1658,0.0967,0.6894,0.5082,0.3916,-0.3055,0.9103,0.5832,1.9131
p26,0.0536,0.0717,0.0878,0.1242,0.1819,0.2053,0.2124,0.2275,0.2213,0.1514,0.415,0.2937,-0.0206,0.075,0.6109,0.6841,0.653,0.0959,0.1336,0.177,0.2216,0.2601,0.2834,0.3066,0.3304,0.3615,0.2322,0.2681,0.1971,-0.0822,0.1445,0.5417,0.6423,0.2789,0.0516,0.0779,0.0445,0.1146,0.301,0.3514,0.3369,0.3676,0.1305,0.08,0.7666,0.5247,0.4416,-0.3789,1.1583,0.613,2.0663
p27,0.0655,0.0854,0.0906,0.1311,0.2512,0.2942,0.2935,0.3044,0.1716,0.1296,0.5283,0.3979,0.262,-0.1558,0.7229,0.7552,1.2441,0.0731,0.0926,0.1005,0.1416,0.2518,0.2932,0.292,0.3036,0.1791,0.1361,0.488,0.3637,0.2396,-0.1326,0.7274,0.7599,1.0695,0.0574,0.0674,0.0648,0.1039,0.2204,0.2677,0.252,0.2736,0.126,0.0912,0.5908,0.4495,0.3333,-0.2371,0.8861,0.7242,1.5765
p28,0.0599,0.0805,0.0975,0.1386,0.2065,0.235,0.2338,0.2443,0.2033,0.1597,0.4114,0.2761,0.0698,0.012,0.6143,0.7855,0.6955,0.0678,0.0905,0.1108,0.1523,0.2173,0.2404,0.2439,0.2567,0.2246,0.1742,0.3753,0.2551,0.0414,0.0365,0.6119,0.7756,0.5779,0.0573,0.075,0.0689,0.1334,0.2808,0.3231,0.2944,0.3434,0.1613,0.1005,0.6207,0.4404,0.292,-0.2088,0.8315,0.6231,1.422
p29,0.0757,0.1071,0.1356,0.1852,0.249,0.2776,0.271,0.2917,0.2429,0.1883,0.333,0.2233,0.0547,0.0438,0.5583,0.7752,0.4989,0.0814,0.1097,0.1403,0.1897,0.252,0.28,0.273,0.297,0.2528,0.2009,0.321,0.2204,0.0385,0.0517,0.58,0.7947,0.4763,0.0801,0.1012,0.114,0.1634,0.2416,0.2723,0.2613,0.2832,0.192,0.1512,0.3924,0.2684,0.153,-0.0546,0.7022,0.788,0.667
p30,0.0681,0.0922,0.1052,0.1433,0.2348,0.2686,0.2777,0.2791,0.1821,0.1316,0.4507,0.3215,0.208,-0.0925,0.6473,0.7227,0.8744,0.0753,0.0998,0.1138,0.1547,0.2386,0.2747,0.2788,0.2859,0.1933,0.1411,0.4204,0.2978,0.1812,-0.0712,0.6619,0.73,0.7757,0.0795,0.0908,0.0815,0.1237,0.2744,0.3286,0.3208,0.34,0.1481,0.0956,0.595,0.4665,0.3685,-0.2712,0.9761,0.6461,1.6564
p31,0.0701,0.1135,0.0687,0.1786,0.1566,0.1567,0.1316,0.0983,0.0441,0.0364,0.3143,-0.29,0.4981,-0.2828,1.0204,0.8254,-0.1226,0.2156,0.257,0.2205,0.3349,0.3081,0.3156,0.2937,0.2471,0.1822,0.1603,0.1423,-0.1509,0.2343,-0.1169,0.9778,0.8798,-0.0576,0.0633,0.0949,0.0608,0.1471,0.1377,0.1387,0.113,0.086,0.0319,0.0292,0.3001,-0.2621,0.5597,-0.3106,1.0404,0.9154,-0.0571
p32,0.0375,0.0811,0.0395,0.1278,0.1222,0.127,0.0982,0.0702,0.0094,0.01,0.4263,-0.2909,0.8253,-0.4703,0.9502,1.0638,-0.0063,0.1014,0.1425,0.1111,0.2067,0.1972,0.1991,0.1729,0.1476,0.0918,0.0856,0.2179,-0.1668,0.3062,-0.1496,0.913,0.9325,-0.0368,0.0441,0.0769,0.0355,0.1393,0.119,0.1229,0.0907,0.0666,0.0102,0.0066,0.4378,-0.3531,0.7979,-0.4939,1.2433,0.6471,-0.1177
p33,0.0523,0.0726,0.0893,0.1305,0.1828,0.2028,0.2098,0.2315,0.2596,0.1672,0.4031,0.279,-0.1061,0.1419,0.5865,0.6439,0.5544,0.0563,0.0795,0.099,0.1533,0.2252,0.2483,0.2552,0.2858,0.2843,0.1763,0.441,0.3018,-0.0539,0.1034,0.5682,0.6201,0.6197,0.0812,0.0924,0.0879,0.1333,0.2214,0.2553,0.2466,0.2762,0.2505,0.1582,0.4743,0.349,-0.0079,0.0161,0.9233,0.6317,0.9152
p34,0.0412,0.0801,0.0402,0.1356,0.1284,0.1299,0.1025,0.0735,0.0152,0.0131,0.4364,-0.2972,0.7417,-0.4433,1.0245,0.8651,-0.0428,0.1276,0.1755,0.1396,0.2362,0.2298,0.2364,0.2024,0.1794,0.1115,0.1045,0.1833,-0.1364,0.2895,-0.1356,0.9138,0.9372,0.0013,0.0392,0.0745,0.0343,0.134,0.1241,0.1301,0.0973,0.0708,0.0092,0.007,0.4787,-0.3084,0.8272,-0.5168,1.1442,0.7554,-0.0287
p35,0.0762,0.1003,0.1015,0.1521,0.3128,0.3751,0.3689,0.3834,0.176,0.134,0.5683,0.4319,0.354,-0.2319,0.7506,0.7614,1.4661,0.0827,0.1079,0.112,0.1632,0.3218,0.3864,0.3823,0.3927,0.1852,0.1398,0.5469,0.413,0.3473,-0.2203,0.739,0.7549,1.3687,0.074,0.0888,0.089,0.1372,0.32,0.4015,0.3876,0.4162,0.1678,0.1236,0.6266,0.5043,0.3959,-0.2852,0.8319,0.7368,1.9278
p36,0.0601,0.0899,0.1081,0.1555,0.2851,0.3432,0.3623,0.3703,0.2871,0.2051,0.5404,0.4085,0.1159,-0.0333,0.5557,0.7144,1.2071,0.059,0.0915,0.109,0.1536,0.2865,0.3482,0.3723,0.3917,0.307,0.2097,0.547,0.4365,0.0961,-0.018,0.5412,0.6831,1.2665,0.0954,0.112,0.0976,0.1551,0.2985,0.3562,0.3469,0.3819,0.2414,0.152,0.561,0.4223,0.1793,-0.1323,0.9784,0.6297,1.2966
p37,0.0645,0.0887,0.109,0.138,0.2001,0.2257,0.2366,0.2508,0.2425,0.1809,0.3694,0.2901,-0.0123,0.0771,0.592,0.746,0.6355,0.0697,0.0917,0.1158,0.1457,0.2088,0.2341,0.2451,0.2571,0.2588,0.1909,0.3582,0.2766,-0.0271,0.0867,0.602,0.7376,0.6067,0.0612,0.0788,0.083,0.1276,0.2286,0.2715,0.2677,0.284,0.1946,0.1305,0.5267,0.38,0.1581,-0.0846,0.7376,0.6706,1.1277
p38,0.071,0.1024,0.1106,0.164,0.302,0.359,0.35,0.3629,0.179,0.1382,0.5197,0.3775,0.3233,-0.1848,0.6414,0.7721,1.189,0.0811,0.115,0.1288,0.1886,0.3164,0.3648,0.3602,0.3707,0.2022,0.1541,0.4732,0.3255,0.281,-0.1428,0.6293,0.7621,0.934,0.0904,0.1069,0.113,0.1574,0.3068,0.3829,0.3667,0.3856,0.1761,0.1397,0.5289,0.4204,0.3511,-0.2252,0.8006,0.7933,1.4334
p39,0.05,0.0696,0.0901,0.1307,0.1785,0.1998,0.2153,0.2307,0.2582,0.1672,0.4102,0.2767,-0.0906,0.1352,0.5554,0.6476,0.5291,0.0498,0.0715,0.0838,0.1261,0.2053,0.2424,0.247,0.2625,0.2583,0.161,0.4936,0.351,-0.0223,0.0708,0.5945,0.6233,0.9223,0.0543,0.067,0.0583,0.1033,0.197,0.2213,0.2254,0.2472,0.2192,0.1244,0.5893,0.4106,0.0139,-0.0041,0.9325,0.5675,1.1423
p40,0.0754,0.1025,0.1117,0.1642,0.2839,0.3358,0.3366,0.3512,0.239,0.1716,0.5018,0.3628,0.1696,-0.0804,0.6749,0.718,1.0451,0.0748,0.107,0.115,0.1702,0.2944,0.3387,0.3414,0.3605,0.249,0.1828,0.4959,0.3586,0.1564,-0.0668,0.6507,0.734,0.99,0.0704,0.0862,0.0735,0.1207,0.2917,0.3654,0.3391,0.3742,0.1971,0.1287,0.6439,0.5122,0.2648,-0.2043,0.9587,0.653,2.0273
p41,0.0621,0.0849,0.1242,0.163,0.1898,0.2151,0.2304,0.2572,0.3728,0.2713,0.2993,0.2242,-0.2361,0.259,0.5002,0.7277,0.3196,0.0707,0.0924,0.1382,0.1771,0.2058,0.2268,0.2432,0.2616,0.4072,0.2941,0.2752,0.1926,-0.2522,0.2694,0.5118,0.7222,0.2806,,,,,,,,,,,,,,,,,
p42,0.0739,0.0949,0.1417,0.1689,0.1965,0.2188,0.2343,0.2556,0.4079,0.292,0.2464,0.2041,-0.2703,0.2814,0.5214,0.7159,0.2954,0.0721,0.0969,0.1368,0.177,0.2126,0.2329,0.2474,0.2725,0.3966,0.2751,0.288,0.2125,-0.2316,0.2507,0.5274,0.6936,0.3158,0.0407,0.0585,0.0582,0.0968,0.2009,0.2337,0.2457,0.2654,0.2521,0.1518,0.6172,0.4655,-0.0129,0.04,0.7006,0.6021,1.4143
p43,0.0554,0.0736,0.1123,0.1488,0.189,0.2122,0.243,0.2456,0.2849,0.184,0.3677,0.2454,-0.0794,0.142,0.4934,0.6457,0.4253,0.0393,0.067,0.0725,0.1366,0.2244,0.253,0.2746,0.2923,0.2473,0.1442,0.5823,0.3629,0.0524,0.0093,0.5417,0.5833,0.8514,0.0321,0.0528,0.0339,0.093,0.2846,0.343,0.333,0.3692,0.1687,0.0756,0.815,0.5977,0.3275,-0.2861,0.9444,0.4481,2.6907
p44,0.0739,0.0911,0.1243,0.1422,0.1535,0.169,0.184,0.1982,0.386,0.2858,0.1935,0.1643,-0.3544,0.3286,0.5943,0.7403,0.1877,0.0844,0.1018,0.1367,0.1575,0.1693,0.1848,0.1978,0.2152,0.4194,0.303,0.1827,0.1549,-0.359,0.3268,0.6172,0.7226,0.1733,0.0334,0.0629,0.047,0.1212,0.2591,0.2969,0.3028,0.3403,0.2023,0.0991,0.7311,0.4748,0.199,-0.1484,0.7094,0.4899,1.4497
p45,0.085,0.117,0.1678,0.2008,0.2298,0.2466,0.2651,0.2731,0.3289,0.2693,0.2247,0.1526,-0.1075,0.1731,0.5069,0.8187,0.2281,0.0896,0.1285,0.1837,0.2158,0.2469,0.2629,0.2806,0.286,0.3492,0.2844,0.2087,0.14,-0.1089,0.1802,0.4877,0.8145,0.2183,0.0494,0.0787,0.0642,0.126,0.3141,0.3744,0.3838,0.4149,0.2175,0.1165,0.7135,0.5341,0.2765,-0.212,0.7707,0.5356,1.9714
p46,0.0666,0.0905,0.1315,0.1587,0.1763,0.1895,0.1973,0.2109,0.2953,0.2254,0.2001,0.1412,-0.199,0.2358,0.5068,0.7633,0.1941,0.0726,0.0967,0.1443,0.1747,0.1922,0.2057,0.2107,0.2265,0.3104,0.2378,0.1871,0.1291,-0.1913,0.2322,0.5032,0.766,0.1774,0.0429,0.083,0.049,0.1478,0.3624,0.4188,0.4229,0.443,0.2044,0.1042,0.7922,0.4997,0.3483,-0.2952,0.8742,0.5095,1.8336
p47,0.0664,0.0882,0.1194,0.1525,0.178,0.1936,0.2102,0.2152,0.2834,0.2193,0.2755,0.1706,-0.1484,0.1858,0.5563,0.7737,0.2692,0.0732,0.0996,0.1351,0.1744,0.2023,0.2198,0.2332,0.2421,0.306,0.2323,0.2664,0.1627,-0.135,0.1802,0.5417,0.7592,0.2607,0.0474,0.0807,0.051,0.1533,0.3954,0.4586,0.4381,0.4992,0.2203,0.106,0.7914,0.5301,0.3308,-0.283,0.9294,0.4812,1.9915
p48,0.0845,0.1142,0.1412,0.1827,0.2688,0.3066,0.3136,0.324,0.2667,0.2098,0.3789,0.2789,0.0807,0.0122,0.5984,0.7865,0.6782,0.0898,0.1226,0.1552,0.2022,0.2869,0.3279,0.3328,0.3476,0.2934,0.2232,0.3638,0.2645,0.063,0.0299,0.5783,0.761,0.6217,0.0687,0.0918,0.107,0.1702,0.2964,0.3501,0.3565,0.3779,0.2222,0.1625,0.5384,0.3789,0.2321,-0.1273,0.6425,0.7313,1.057
p49,0.0673,0.0991,0.1526,0.1775,0.1974,0.2115,0.2108,0.221,0.2577,0.215,0.16,0.1089,-0.1002,0.1921,0.4411,0.8341,0.1912,0.0711,0.1038,0.1623,0.1876,0.2096,0.2206,0.221,0.2314,0.2646,0.2218,0.1532,0.1045,-0.0897,0.1874,0.438,0.8382,0.1759,0.0498,0.0765,0.0871,0.1355,0.2584,0.2838,0.2698,0.3038,0.2023,0.1296,0.5118,0.3831,0.1428,-0.0495,0.5721,0.6405,1.0941
p50,0.072,0.0982,0.1263,0.1682,0.2157,0.2375,0.2389,0.2576,0.2653,0.2111,0.3085,0.2097,-0.0523,0.1148,0.5701,0.7957,0.4116,0.0792,0.1061,0.1383,0.1785,0.2214,0.2418,0.243,0.2632,0.276,0.2184,0.2746,0.1917,-0.0635,0.1249,0.5728,0.7913,0.3546,0.0522,0.079,0.0719,0.1308,0.2471,0.2693,0.2911,0.291,0.2009,0.133,0.6041,0.3798,0.1834,-0.1146,0.7268,0.662,1.0589
t1,0.0542,0.0694,0.0946,0.1243,0.1432,0.1648,0.1717,0.1976,0.2785,0.1982,0.2895,0.2277,-0.2373,0.2459,0.5727,0.7117,0.3258,0.0647,0.0799,0.1072,0.1392,0.1619,0.1812,0.1869,0.2144,0.2951,0.214,0.2711,0.2125,-0.2245,0.2304,0.6039,0.725,0.3013,0.0223,0.0474,0.0222,0.0808,0.2954,0.3526,0.3558,0.3907,0.1922,0.0811,0.8826,0.6573,0.2985,-0.2763,1.0045,0.422,3.3639
t10,0.0353,0.0513,0.0477,0.1037,0.2449,0.3042,0.3131,0.3243,0.1942,0.0919,0.7354,0.5154,0.2344,-0.1804,0.7401,0.4732,1.9335,0.0318,0.0487,0.0416,0.0991,0.2567,0.3127,0.3306,0.348,0.2013,0.0957,0.7764,0.5567,0.2431,-0.1974,0.7635,0.4754,2.1554,0.0291,0.0403,0.0281,0.0659,0.2284,0.2773,0.2853,0.315,0.1637,0.0724,0.8207,0.654,0.2708,-0.2422,1.0364,0.4423,3.2079
t11,0.0401,0.0712,0.0507,0.1417,0.3547,0.4203,0.4093,0.438,0.2158,0.0985,0.7796,0.5111,0.3095,-0.2555,0.7904,0.4564,1.9661,0.0384,0.0637,0.0435,0.1161,0.3477,0.4155,0.4171,0.4483,0.2164,0.0973,0.8112,0.5886,0.3168,-0.2734,0.883,0.4496,2.5788,0.036,0.0532,0.0314,0.0879,0.3091,0.3794,0.3712,0.408,0.1878,0.0794,0.8439,0.6455,0.3282,-0.3002,1.1455,0.4226,3.3168
t12,0.0433,0.0654,0.0688,0.1311,0.2188,0.2515,0.262,0.2813,0.2078,0.1094,0.5842,0.3642,0.1154,-0.0495,0.6303,0.5265,0.9184,0.0487,0.0785,0.0802,0.1495,0.2675,0.2957,0.2993,0.3294,0.2417,0.1271,0.5772,0.3757,0.1065,-0.039,0.6072,0.5259,0.9779,0.0328,0.0503,0.0294,0.0754,0.2875,0.3788,0.3661,0.381,0.1645,0.0665,0.8513,0.6696,0.38,-0.3458,1.1141,0.4043,4.0239
t19,0.0947,0.1157,0.1246,0.1637,0.241,0.2696,0.2761,0.2828,0.2356,0.1754,0.378,0.2667,0.0792,-0.0145,0.7601,0.7445,0.6472,0.1028,0.1262,0.1413,0.1835,0.252,0.2792,0.2841,0.2944,0.2639,0.1903,0.3358,0.2321,0.0368,0.023,0.7281,0.7211,0.5215,0.0784,0.0952,0.1023,0.1376,0.2252,0.2648,0.2629,0.2776,0.2085,0.1474,0.4395,0.3372,0.1153,-0.0467,0.7664,0.707,0.9241
t2,0.0706,0.0896,0.1137,0.1441,0.1755,0.1975,0.2049,0.2238,0.3266,0.2298,0.286,0.2167,-0.2291,0.2303,0.6211,0.7038,0.3702,0.0809,0.103,0.1343,0.1687,0.2044,0.2254,0.2386,0.2582,0.3508,0.2445,0.2798,0.2097,-0.1903,0.2058,0.6023,0.697,0.3361,0.0364,0.0661,0.0386,0.1117,0.3156,0.3869,0.3832,0.4136,0.2066,0.0975,0.8169,0.5745,0.2994,-0.2623,0.944,0.4717,2.4622
t20,0.0791,0.1044,0.1214,0.1628,0.2617,0.2972,0.2954,0.3078,0.2316,0.183,0.4174,0.308,0.1211,-0.0296,0.6518,0.7899,0.8247,0.086,0.1128,0.133,0.1774,0.2662,0.301,0.3028,0.3132,0.2506,0.1952,0.3896,0.2768,0.0943,-0.0067,0.6463,0.7789,0.6964,0.0822,0.1039,0.1227,0.1564,0.2726,0.319,0.3073,0.3378,0.2157,0.172,0.4295,0.3669,0.1752,-0.0703,0.6703,0.7976,1.0387
t21,0.0651,0.0897,0.1202,0.1549,0.228,0.2609,0.2542,0.2701,0.2067,0.1744,0.3581,0.2711,0.1031,0.0117,0.5415,0.8437,0.6843,0.0692,0.0924,0.1267,0.1601,0.2312,0.2626,0.2577,0.2717,0.2174,0.1788,0.3407,0.2583,0.0847,0.0257,0.5459,0.8227,0.6397,0.0676,0.0848,0.1074,0.1384,0.2243,0.2645,0.2535,0.2736,0.1845,0.1486,0.405,0.3282,0.1576,-0.0478,0.6301,0.8054,0.9111
t22,0.0798,0.106,0.1241,0.1632,0.261,0.2972,0.3,0.3011,0.1771,0.1498,0.4148,0.2971,0.2575,-0.1154,0.6434,0.8458,0.8216,0.0884,0.1149,0.1361,0.1795,0.2684,0.3064,0.3035,0.3126,0.195,0.1633,0.3808,0.2705,0.2176,-0.0841,0.6498,0.8374,0.7067,0.0713,0.0917,0.109,0.1433,0.2409,0.2882,0.2772,0.2932,0.16,0.1358,0.4354,0.3433,0.2679,-0.1286,0.6539,0.8482,1.0105
t26,0.06,0.0855,0.1213,0.1466,0.1738,0.1873,0.1919,0.2018,0.2032,0.1891,0.2256,0.1586,-0.0285,0.1258,0.4949,0.9306,0.2781,0.0667,0.0907,0.1343,0.1609,0.189,0.2017,0.2031,0.2134,0.2234,0.203,0.2038,0.1401,-0.0478,0.1402,0.4966,0.9085,0.2539,0.0613,0.083,0.1141,0.1443,0.203,0.216,0.2055,0.2358,0.1984,0.1726,0.286,0.2408,0.0176,0.0788,0.5374,0.8702,0.4965
t27,0.0668,0.0852,0.1166,0.1373,0.1538,0.1693,0.1769,0.1895,0.2944,0.2128,0.2055,0.1597,-0.2494,0.2556,0.573,0.7229,0.2331,0.0729,0.0957,0.1355,0.1573,0.1697,0.1847,0.1966,0.21,0.3268,0.2321,0.184,0.1434,-0.2488,0.2635,0.5379,0.7102,0.1742,0.0486,0.0939,0.0492,0.163,0.3864,0.4391,0.4274,0.4607,0.2196,0.106,0.7937,0.4773,0.3211,-0.2782,0.9887,0.4825,1.6936
t28,0.0773,0.0988,0.1452,0.1674,0.18,0.2017,0.2165,0.2296,0.346,0.239,0.1972,0.1567,-0.2302,0.2514,0.5328,0.691,0.2049,0.0907,0.1209,0.178,0.2064,0.2201,0.2395,0.2599,0.2719,0.3876,0.2596,0.187,0.1369,-0.1972,0.2347,0.5095,0.6699,0.1604,0.0379,0.0764,0.0422,0.1276,0.3422,0.4004,0.3962,0.4355,0.2164,0.1047,0.8075,0.5467,0.2934,-0.2533,0.8986,0.4837,2.1363
t29,0.0871,0.1125,0.1566,0.1814,0.1922,0.2053,0.2142,0.2294,0.352,0.2564,0.1553,0.117,-0.2435,0.2561,0.5561,0.7286,0.1321,0.0945,0.121,0.17,0.1972,0.209,0.2229,0.2298,0.249,0.3712,0.2718,0.1494,0.1159,-0.2353,0.2506,0.5559,0.7321,0.13,0.0496,0.0844,0.057,0.1322,0.2987,0.3446,0.357,0.3814,0.2149,0.1093,0.7245,0.485,0.2485,-0.1985,0.8702,0.5086,1.6053
t3,0.064,0.0766,0.1031,0.1308,0.1458,0.1589,0.1709,0.1871,0.27,0.1956,0.2472,0.1773,-0.2249,0.2275,0.6202,0.7244,0.2153,0.0649,0.0804,0.1073,0.1343,0.1529,0.1679,0.1787,0.1925,0.2799,0.1989,0.2497,0.1781,-0.2206,0.2276,0.6048,0.7107,0.2502,0.025,0.0528,0.0257,0.0961,0.3119,0.3744,0.3697,0.4152,0.1878,0.081,0.8701,0.6241,0.3263,-0.298,0.9719,0.4313,2.8959
t30,0.097,0.1199,0.1603,0.1921,0.2008,0.2192,0.2219,0.2457,0.3712,0.2912,0.161,0.1224,-0.2518,0.25,0.6053,0.7846,0.1413,0.1055,0.1323,0.1813,0.2171,0.2271,0.2466,0.2463,0.2781,0.3974,0.3063,0.1519,0.1232,-0.2348,0.2439,0.5817,0.7708,0.1359,0.0372,0.0732,0.0422,0.1214,0.3418,0.4016,0.4009,0.4234,0.2001,0.0931,0.8096,0.5543,0.3342,-0.2879,0.882,0.4653,2.3081
t35,0.0828,0.1037,0.1195,0.1531,0.2063,0.2276,0.2302,0.2452,0.2604,0.1951,0.3166,0.2314,-0.0617,0.0967,0.6927,0.7491,0.4871,0.1156,0.1514,0.1831,0.2416,0.275,0.2992,0.3078,0.34,0.3614,0.2418,0.2542,0.1692,-0.0801,0.1251,0.6315,0.6691,0.2379,0.0587,0.0838,0.0735,0.1326,0.2527,0.2876,0.2827,0.301,0.1992,0.1203,0.5873,0.3885,0.1733,-0.1119,0.7982,0.6039,1.1701
t36,0.074,0.0945,0.1159,0.1444,0.1813,0.1998,0.2075,0.2159,0.2478,0.1805,0.2832,0.1986,-0.0887,0.1276,0.6381,0.7285,0.3833,0.0836,0.1059,0.1296,0.1605,0.1999,0.2204,0.2241,0.2393,0.2809,0.2001,0.267,0.1971,-0.1125,0.1432,0.6447,0.7124,0.3732,0.0541,0.0782,0.0681,0.1271,0.2481,0.2822,0.2807,0.2981,0.179,0.1046,0.6095,0.4021,0.2212,-0.1507,0.7945,0.5846,1.2207
t37,0.0735,0.1045,0.1406,0.1798,0.2414,0.2643,0.2641,0.2712,0.2474,0.1957,0.3051,0.2024,0.0325,0.0696,0.5226,0.7909,0.4696,0.0789,0.1125,0.1497,0.1907,0.2575,0.2827,0.2822,0.2942,0.2648,0.2113,0.3068,0.2134,0.0318,0.0689,0.5267,0.798,0.4824,0.0688,0.0958,0.1271,0.1667,0.2533,0.2902,0.2858,0.29,0.22,0.1781,0.3842,0.27,0.13,-0.0105,0.5409,0.8095,0.7409
t38,0.07,0.0954,0.1294,0.1622,0.2128,0.2348,0.2368,0.2531,0.2401,0.1914,0.2935,0.2189,-0.0068,0.0925,0.5415,0.7972,0.4476,0.0747,0.1018,0.141,0.1722,0.2184,0.2394,0.2458,0.2573,0.2522,0.1974,0.271,0.1981,-0.0129,0.1018,0.5302,0.7827,0.3898,0.064,0.0889,0.0935,0.1536,0.2832,0.3286,0.319,0.355,0.2088,0.1298,0.5466,0.396,0.2088,-0.1177,0.684,0.6216,1.1393
t39,0.0581,0.0771,0.1144,0.157,0.1863,0.2108,0.2216,0.2566,0.3396,0.2224,0.319,0.2407,-0.2103,0.2377,0.5075,0.6549,0.3427,0.0432,0.0658,0.0637,0.1568,0.2818,0.3254,0.3241,0.3576,0.226,0.1146,0.6713,0.3902,0.1783,-0.118,0.6782,0.5069,1.0743,0.0323,0.0496,0.0318,0.0837,0.2802,0.3464,0.3445,0.3716,0.1919,0.0813,0.8309,0.6321,0.2844,-0.2549,1.0162,0.4237,3.1361
t4,0.0529,0.0648,0.0859,0.1088,0.1346,0.1528,0.1675,0.1807,0.2305,0.169,0.3218,0.2481,-0.1584,0.1791,0.6151,0.733,0.4033,0.0584,0.0716,0.0934,0.1222,0.1465,0.166,0.1813,0.196,0.2423,0.1728,0.3201,0.2321,-0.144,0.1667,0.626,0.713,0.359,0.0246,0.0506,0.0271,0.0995,0.2946,0.3459,0.3568,0.3845,0.1791,0.0799,0.8587,0.5888,0.3316,-0.2981,0.9054,0.4461,2.4764
t40,0.0684,0.0944,0.157,0.1944,0.2189,0.2504,0.2721,0.2967,0.3949,0.2543,0.2684,0.2083,-0.1841,0.2369,0.4355,0.644,0.2881,0.0653,0.0885,0.1483,0.1929,0.2303,0.2599,0.2789,0.3085,0.3915,0.2522,0.3059,0.2306,-0.1679,0.2212,0.4402,0.6441,0.3471,0.0384,0.0578,0.0371,0.0996,0.3295,0.408,0.4023,0.4386,0.2192,0.0931,0.8311,0.63,0.2945,-0.2645,1.0361,0.4246,3.0984
t43,0.0721,0.0957,0.1106,0.1449,0.2078,0.2346,0.2392,0.251,0.2392,0.1833,0.3679,0.268,-0.0,0.0582,0.6522,0.7661,0.619,0.0776,0.1014,0.1234,0.1602,0.2158,0.241,0.2484,0.2601,0.2629,0.1932,0.3363,0.2377,-0.0282,0.0846,0.6288,0.7352,0.5041,0.0554,0.0815,0.0648,0.1352,0.2996,0.3532,0.3524,0.3748,0.165,0.0937,0.6893,0.4698,0.362,-0.279,0.8552,0.5677,1.6128
t46,0.0794,0.1044,0.1326,0.1714,0.2443,0.2785,0.2815,0.3007,0.268,0.2025,0.3596,0.2741,0.0244,0.0522,0.5989,0.7555,0.6256,0.089,0.118,0.1557,0.1955,0.268,0.2985,0.304,0.3223,0.288,0.2175,0.3227,0.2449,0.027,0.0606,0.5716,0.7552,0.5269,0.0528,0.0726,0.0719,0.1241,0.294,0.3612,0.3325,0.3762,0.1748,0.1064,0.6444,0.5039,0.3108,-0.2193,0.7346,0.6087,1.9106
t5,0.0717,0.0979,0.1285,0.1555,0.198,0.2142,0.2208,0.2295,0.2426,0.1969,0.2641,0.1923,-0.047,0.1185,0.5576,0.8118,0.3775,0.0793,0.1045,0.142,0.1714,0.205,0.2215,0.2283,0.2396,0.2594,0.2106,0.2333,0.1662,-0.0638,0.1323,0.5583,0.8115,0.2927,0.078,0.1091,0.1048,0.1932,0.3037,0.3468,0.3421,0.3737,0.2494,0.154,0.5308,0.3184,0.1567,-0.085,0.7437,0.6175,0.795
t6,0.0731,0.0976,0.1322,0.1574,0.1828,0.1986,0.202,0.2185,0.2632,0.2202,0.2089,0.1625,-0.1316,0.1795,0.5529,0.8368,0.2614,0.0845,0.116,0.1571,0.1868,0.2101,0.2315,0.2301,0.2521,0.3041,0.2551,0.1885,0.1488,-0.1386,0.189,0.5382,0.8389,0.2393,0.0652,0.0852,0.0953,0.1422,0.2185,0.2521,0.2545,0.2712,0.2497,0.174,0.4551,0.312,0.0095,0.038,0.6846,0.6968,0.7729
t7,0.0775,0.1029,0.1346,0.164,0.2052,0.2261,0.2247,0.2403,0.2428,0.1861,0.2507,0.1887,-0.0386,0.1106,0.5757,0.7666,0.3787,0.0807,0.1058,0.1418,0.1709,0.2122,0.2311,0.2313,0.25,0.2563,0.193,0.2399,0.1879,-0.0513,0.1213,0.5689,0.753,0.3523,0.0575,0.0894,0.0761,0.1601,0.3164,0.3688,0.3571,0.4022,0.2016,0.1129,0.6487,0.4306,0.2784,-0.1978,0.7553,0.56,1.3032
t8,0.0853,0.11,0.1427,0.1738,0.2172,0.242,0.253,0.2686,0.3092,0.2384,0.2788,0.2142,-0.0999,0.1437,0.5978,0.7709,0.3923,0.0943,0.1221,0.1638,0.2,0.2442,0.2709,0.2807,0.3022,0.348,0.2574,0.2629,0.2034,-0.107,0.1543,0.5755,0.7398,0.3539,0.0532,0.0807,0.0638,0.1228,0.286,0.3407,0.3364,0.3771,0.1808,0.0986,0.681,0.5087,0.3009,-0.2285,0.8329,0.5454,1.7744
t9,0.0372,0.0597,0.0541,0.1243,0.2582,0.2946,0.3063,0.3277,0.1942,0.097,0.6999,0.4498,0.224,-0.161,0.6882,0.4999,1.3687,0.0386,0.0629,0.0543,0.1297,0.2697,0.3162,0.3373,0.352,0.2089,0.1024,0.7229,0.4615,0.2351,-0.1765,0.7121,0.4902,1.4379,0.0364,0.0548,0.0366,0.0933,0.2913,0.3526,0.3589,0.3792,0.1699,0.0769,0.8148,0.6051,0.3574,-0.3137,0.9945,0.4526,2.7792
