id,municipio,anio_establecimiento,lat,lon,google_maps,es_agave
1,Ameca,2021,20.604184,-104.194936,"https://maps.google.com/?q=20.604184,-104.194936&t=k",
2,Ameca,2021,20.528829,-104.195139,"https://maps.google.com/?q=20.528829,-104.195139&t=k",
3,Ameca,2019,20.505907,-104.057164,"https://maps.google.com/?q=20.505907,-104.057164&t=k",
4,Ameca,2021,20.641839,-104.134268,"https://maps.google.com/?q=20.641839,-104.134268&t=k",
5,Ameca,2021,20.591502,-104.046468,"https://maps.google.com/?q=20.591502,-104.046468&t=k",
6,Ameca,2023,20.503534,-104.12143,"https://maps.google.com/?q=20.503534,-104.12143&t=k",
7,El Arenal,2021,20.75531,-103.750762,"https://maps.google.com/?q=20.75531,-103.750762&t=k",
8,El Arenal,2021,20.760578,-103.705768,"https://maps.google.com/?q=20.760578,-103.705768&t=k",
9,El Arenal,2021,20.760052,-103.684065,"https://maps.google.com/?q=20.760052,-103.684065&t=k",
10,El Arenal,2021,20.747828,-103.692238,"https://maps.google.com/?q=20.747828,-103.692238&t=k",
11,El Arenal,2023,20.751832,-103.720057,"https://maps.google.com/?q=20.751832,-103.720057&t=k",
12,El Arenal,2021,20.786661,-103.690367,"https://maps.google.com/?q=20.786661,-103.690367&t=k",
13,Cocula,2018,20.4598,-103.870505,"https://maps.google.com/?q=20.4598,-103.870505&t=k",
14,Cocula,2023,20.409078,-103.878926,"https://maps.google.com/?q=20.409078,-103.878926&t=k",
15,Cocula,2023,20.394033,-103.765005,"https://maps.google.com/?q=20.394033,-103.765005&t=k",
16,Cocula,2022,20.383936,-103.820467,"https://maps.google.com/?q=20.383936,-103.820467&t=k",
17,Cocula,2023,20.430642,-103.754937,"https://maps.google.com/?q=20.430642,-103.754937&t=k",
18,Cocula,2023,20.48006,-103.846388,"https://maps.google.com/?q=20.48006,-103.846388&t=k",
19,Tala,2021,20.707851,-103.734445,"https://maps.google.com/?q=20.707851,-103.734445&t=k",
20,Tala,2022,20.717326,-103.720731,"https://maps.google.com/?q=20.717326,-103.720731&t=k",
21,Tala,2021,20.719022,-103.780059,"https://maps.google.com/?q=20.719022,-103.780059&t=k",
22,Tala,2021,20.500548,-103.678624,"https://maps.google.com/?q=20.500548,-103.678624&t=k",
23,Tala,2021,20.491244,-103.620793,"https://maps.google.com/?q=20.491244,-103.620793&t=k",
24,Tala,2023,20.698401,-103.679029,"https://maps.google.com/?q=20.698401,-103.679029&t=k",
25,Teuchitlán,2023,20.682561,-103.837952,"https://maps.google.com/?q=20.682561,-103.837952&t=k",
26,Teuchitlán,2022,20.740462,-103.771436,"https://maps.google.com/?q=20.740462,-103.771436&t=k",
27,Teuchitlán,2022,20.698623,-103.782719,"https://maps.google.com/?q=20.698623,-103.782719&t=k",
28,Teuchitlán,2023,20.704223,-103.808406,"https://maps.google.com/?q=20.704223,-103.808406&t=k",
29,Teuchitlán,2022,20.751412,-103.761359,"https://maps.google.com/?q=20.751412,-103.761359&t=k",
30,Teuchitlán,2023,20.674313,-103.820736,"https://maps.google.com/?q=20.674313,-103.820736&t=k",
