,1,2,3,4,5,6,7,8,9,10,11,12,13,14,15,16,17,18,19,20,21,22,23,24,25,26,27,28,29,30,31,32,33,34,35,36,37,38,39,40,41,42,43,44,45,46
2018-01-15,0.386,0.354,0.346,0.408,0.296,0.401,0.327,0.217,0.787,0.749,0.747,0.805,-0.276,-0.356,0.535,0.649,0.679,0.722,0.286,0.302,0.263,0.4,0.583,0.284,0.448,0.182,0.326,0.32,0.269,0.343,0.469,0.307,0.573,0.219,0.467,0.375,0.288,0.452,0.818,0.789,0.817,0.766,0.193,0.261,0.488,0.185
2018-02-15,0.335,0.264,0.313,0.385,0.181,0.412,0.275,0.213,0.785,0.662,0.743,0.798,-0.027,-0.014,0.497,0.629,0.667,0.715,0.297,0.308,0.27,0.331,0.532,0.223,0.385,0.165,0.332,0.312,0.213,0.288,0.42,0.244,0.565,0.223,0.468,0.322,0.279,0.436,0.732,0.722,0.794,0.751,0.169,0.258,0.467,0.159
2018-03-15,0.3,0.211,0.298,0.343,0.161,0.397,0.252,0.186,0.671,0.538,0.565,0.629,-0.08,-0.276,0.452,0.478,0.533,0.614,0.263,0.303,0.255,0.265,0.473,0.197,0.307,0.152,0.257,0.257,0.176,0.2,0.381,0.19,0.532,0.208,0.369,0.246,0.267,0.397,0.41,0.456,0.721,0.658,0.162,0.239,0.421,0.154
2018-04-15,0.279,0.182,0.293,0.321,0.155,0.378,0.248,0.177,0.661,0.769,0.817,0.669,-0.23,-0.127,0.711,0.567,0.384,0.421,0.253,0.3,0.239,0.213,0.475,0.187,0.293,0.147,0.193,0.236,0.161,0.159,0.35,0.158,0.51,0.204,0.32,0.191,0.254,0.394,0.274,0.293,0.48,0.475,0.163,0.24,0.377,0.151
2018-05-15,0.333,0.269,0.377,0.359,0.144,0.418,0.278,0.186,0.714,0.795,0.823,0.729,-0.235,-0.3,0.789,0.672,0.594,0.731,0.261,0.312,0.257,0.25,0.45,0.232,0.36,0.136,0.197,0.24,0.191,0.167,0.184,0.164,0.51,0.205,0.329,0.22,0.257,0.433,0.657,0.461,0.69,0.505,0.141,0.258,0.354,0.118
2018-06-15,0.337,0.218,0.357,0.375,0.14,0.392,0.259,0.165,0.706,0.754,0.7,0.631,-0.113,-0.162,0.676,0.673,0.625,0.725,0.246,0.292,0.247,0.229,0.415,0.217,0.356,0.14,0.192,0.222,0.189,0.141,0.172,0.143,0.489,0.213,0.312,0.219,0.26,0.463,0.706,0.606,0.704,0.712,0.123,0.249,0.316,0.166
2018-07-15,0.822,0.674,0.852,0.835,0.416,0.631,0.645,0.218,0.751,0.788,0.843,0.791,-0.186,-0.199,0.775,0.699,0.669,0.774,0.291,0.356,0.455,0.508,0.481,0.74,0.577,0.447,0.433,0.7,0.484,0.653,0.38,0.362,0.628,0.237,0.595,0.463,0.393,0.702,0.809,0.782,0.727,0.811,0.193,0.388,0.435,0.452
2018-08-15,0.831,0.643,0.883,0.83,0.469,0.522,0.665,0.44,0.777,0.822,0.796,0.703,-0.776,-0.383,0.732,0.644,0.67,0.734,0.359,0.41,0.603,0.493,0.531,0.628,0.56,0.624,0.391,0.735,0.599,0.777,0.675,0.416,0.653,0.215,0.566,0.499,0.484,0.705,0.801,0.79,0.837,0.821,0.653,0.509,0.479,0.837
2018-09-15,0.864,0.796,0.853,0.824,0.766,0.606,0.548,0.831,0.31,0.732,0.22,0.457,-0.309,-0.309,,,0.71,0.739,0.28,0.429,0.599,0.533,0.537,0.664,0.534,0.632,0.615,0.735,0.581,0.775,0.742,0.447,0.603,0.202,0.34,0.5,0.524,0.6,0.798,0.701,0.626,0.646,0.782,0.451,0.56,0.733
2018-10-15,0.843,0.798,0.808,0.832,0.385,0.657,0.543,0.735,0.83,0.295,0.334,0.819,-0.529,-0.258,0.811,0.325,0.525,0.574,0.334,0.392,0.627,0.578,0.623,0.322,0.558,0.4,0.622,0.708,0.625,0.809,0.698,0.484,0.593,0.176,0.348,0.519,0.558,0.601,0.854,0.764,0.818,0.623,0.709,0.514,0.596,0.607
2018-11-15,0.748,0.708,0.72,0.649,0.305,0.542,0.546,0.498,0.831,0.853,0.861,0.825,-0.683,-0.639,0.748,0.77,0.74,0.794,0.36,0.475,0.596,0.523,0.58,0.303,0.489,0.279,0.559,0.626,0.574,0.706,0.358,0.489,0.602,0.196,0.44,0.463,0.548,0.541,0.864,0.837,0.841,0.832,0.471,0.372,0.643,0.415
2018-12-15,0.648,0.636,0.629,0.56,0.268,0.542,0.437,0.332,0.814,0.819,0.816,0.798,-0.305,-0.277,0.809,0.606,0.721,0.719,0.368,0.523,0.504,0.408,0.569,0.305,0.413,0.27,0.429,0.511,0.454,0.514,0.342,0.389,0.575,0.202,0.474,0.367,0.515,0.345,0.833,0.805,0.791,0.812,0.345,0.398,0.542,0.446
2019-01-15,0.415,0.53,0.402,0.464,0.262,0.468,0.254,0.267,0.696,0.765,0.819,0.775,-0.304,-0.313,0.806,0.744,0.721,0.786,0.423,0.494,0.391,0.304,0.55,0.248,0.38,0.248,0.298,0.418,0.312,0.419,0.128,0.309,0.561,0.212,0.423,0.257,0.465,0.275,0.822,0.783,0.806,0.777,0.266,0.423,0.572,0.387
2019-02-15,0.302,0.44,0.313,0.381,0.246,0.427,0.201,0.248,0.714,0.601,0.659,0.748,-0.322,-0.489,0.782,0.629,0.687,0.755,0.371,0.473,0.305,0.264,0.507,0.235,0.338,0.219,0.294,0.343,0.233,0.359,0.098,0.235,0.493,0.212,0.307,0.23,0.386,0.234,0.792,0.751,0.804,0.792,0.211,0.429,0.551,0.395
2019-03-15,0.293,0.311,0.285,0.342,0.218,0.379,0.173,0.19,0.652,0.691,0.662,0.533,-0.857,-0.9,0.755,0.551,0.515,0.474,0.336,0.427,0.283,0.194,0.471,0.216,0.29,0.204,0.245,0.25,0.185,0.278,0.091,0.176,0.469,0.226,0.241,0.199,0.346,0.152,0.42,0.475,0.71,0.652,0.18,0.378,0.472,0.265
2019-04-15,0.273,0.263,0.259,0.308,0.202,0.331,0.14,0.173,0.685,0.739,0.77,0.78,-0.206,-0.107,0.713,0.602,0.489,0.489,0.3,0.368,0.26,0.162,0.412,0.195,0.222,0.191,0.209,0.214,0.163,0.232,0.09,0.153,0.28,0.232,0.199,0.18,0.316,0.14,0.311,0.281,0.604,0.478,0.171,0.333,0.408,0.215
2019-05-15,0.264,0.22,0.252,0.302,0.174,0.301,0.122,0.145,0.696,0.753,0.772,0.787,-0.167,-0.211,0.7,0.652,0.633,0.621,0.284,0.343,0.242,0.141,0.391,0.177,0.188,0.179,0.159,0.114,0.147,0.2,0.053,0.134,0.219,0.224,0.174,0.164,0.286,0.126,0.384,0.196,0.578,0.448,0.15,0.314,0.382,0.177
2019-06-15,0.286,0.233,0.313,0.384,0.182,0.317,0.128,0.146,0.697,0.76,0.77,0.793,-0.471,-0.506,0.559,0.638,0.637,0.699,0.328,0.36,0.279,0.161,0.457,0.189,0.22,0.19,0.164,0.13,0.158,0.21,0.017,0.105,0.212,0.224,0.177,0.169,0.327,0.146,0.479,0.277,0.641,0.638,0.183,0.373,0.422,0.137
2019-07-15,0.838,0.707,0.737,0.83,0.194,0.644,0.406,0.122,0.674,0.646,,0.767,-0.689,-0.786,0.694,,0.641,,0.386,0.457,0.667,0.545,0.525,0.589,0.41,0.209,0.359,0.252,0.411,0.353,0.013,0.084,0.185,0.198,0.473,0.325,0.396,0.133,0.765,0.804,0.653,0.72,0.567,0.568,0.541,0.108
2019-08-15,0.867,0.788,0.871,0.871,0.247,0.602,0.708,0.349,0.732,0.795,0.64,0.703,-0.275,-0.249,0.707,0.632,0.715,0.601,0.364,0.436,0.718,0.588,0.521,0.606,0.461,0.238,0.637,0.804,0.571,0.751,0.066,0.1,0.245,0.201,0.611,0.444,0.388,0.229,0.8,0.701,0.781,0.699,0.734,0.809,0.563,0.839
2019-09-15,0.881,0.794,0.888,0.857,0.22,0.494,0.462,0.172,0.818,0.553,0.825,0.707,-0.979,-0.98,0.653,,0.71,,0.373,0.507,0.502,0.406,0.499,0.702,0.5,0.246,0.581,0.851,0.575,0.796,0.049,0.151,0.255,0.197,0.606,0.466,0.402,0.182,0.834,0.734,0.622,0.679,0.601,0.776,0.619,0.875
2019-10-15,0.803,0.748,0.743,0.772,0.298,0.385,0.471,0.187,0.813,0.793,0.775,0.803,-0.673,-0.333,0.455,,0.685,0.713,0.381,0.458,0.356,0.517,0.485,0.653,0.485,0.283,0.547,0.723,0.518,0.708,0.054,0.162,0.253,0.19,0.562,0.372,0.423,0.169,0.804,0.835,0.794,0.768,0.499,0.546,0.557,0.313
2019-11-15,0.808,0.779,0.774,0.761,0.462,0.499,0.547,0.24,0.849,0.841,0.845,0.794,-0.921,-0.952,0.715,0.725,0.667,0.684,0.467,0.596,0.441,0.551,0.582,0.639,0.534,0.341,0.524,0.655,0.483,0.674,0.053,0.215,0.284,0.206,0.563,0.443,0.468,0.197,0.859,0.848,0.817,0.794,0.447,0.589,0.641,0.284
2019-12-15,0.579,0.716,0.643,0.549,0.351,0.557,0.302,0.173,0.85,0.858,0.823,0.852,-0.922,-0.939,0.716,0.727,0.705,0.748,0.451,0.627,0.567,0.361,0.512,0.544,0.477,0.377,0.481,0.514,0.396,0.576,0.05,0.201,0.273,0.206,0.472,0.417,0.432,0.204,0.847,0.864,0.857,0.8,0.421,0.566,0.607,0.437
2020-01-15,0.466,0.658,0.48,0.507,0.324,0.504,0.295,0.165,0.823,0.818,0.805,0.839,-0.6,-0.5,0.668,0.73,0.698,0.719,0.464,0.634,0.497,0.349,0.355,0.441,0.422,0.386,0.395,0.482,0.32,0.309,0.059,0.186,0.299,0.231,0.362,0.25,0.501,0.188,0.834,0.851,0.863,0.78,0.351,0.544,0.506,0.545
2020-02-15,0.411,0.598,0.43,0.464,0.317,0.439,0.326,0.165,0.74,0.599,0.617,0.767,-0.28,-0.771,0.554,0.6,0.644,0.623,0.403,0.597,0.476,0.357,0.216,0.39,0.381,0.375,0.239,0.385,0.277,0.353,0.07,0.179,0.268,0.212,0.295,0.233,0.404,0.171,0.714,0.76,0.779,0.727,0.164,0.472,0.492,0.499
2020-03-15,0.33,0.391,0.347,0.396,0.313,0.385,0.225,0.164,0.637,0.632,0.591,0.564,-0.887,-0.284,0.486,0.498,0.555,0.507,0.379,0.379,0.383,0.268,0.179,0.292,0.34,0.362,0.243,0.326,0.221,0.343,0.048,0.167,0.267,0.218,0.234,0.101,0.374,0.17,0.667,0.337,0.694,0.598,0.137,0.452,0.476,0.356
2020-04-15,0.287,0.276,0.28,0.329,0.284,0.336,0.163,0.159,0.672,0.713,0.772,0.71,-0.124,-0.085,0.69,0.566,0.481,0.559,0.338,0.29,0.333,0.192,0.159,0.209,0.272,0.342,0.218,0.247,0.184,0.228,0.043,0.146,0.243,0.209,0.162,0.143,0.337,0.162,0.455,0.261,0.662,0.441,0.129,0.39,0.417,0.214
2020-05-15,0.284,0.249,0.281,0.336,0.287,0.302,0.17,0.167,0.701,0.762,0.781,0.752,-0.139,-0.124,0.762,0.685,0.65,0.704,0.33,0.31,0.321,0.16,0.169,0.198,0.248,0.331,0.202,0.24,0.186,0.207,0.049,0.147,0.277,0.224,0.142,0.154,0.328,0.167,0.592,0.28,0.651,0.677,0.121,0.347,0.395,0.183
2020-06-15,0.305,0.274,0.272,0.326,0.265,0.277,0.155,0.157,0.673,0.722,0.737,0.717,-0.048,-0.172,0.74,0.645,0.647,0.695,0.259,0.299,0.332,0.155,0.152,0.192,0.194,0.313,0.226,0.211,0.198,0.177,0.036,0.145,0.275,0.216,0.12,0.138,0.328,0.16,0.679,0.394,0.648,0.729,0.106,0.33,0.374,0.152
2020-07-15,0.863,0.733,0.879,0.884,0.316,0.335,0.399,0.198,0.512,0.315,0.26,0.502,-0.514,-0.405,0.667,0.409,0.612,0.62,0.27,0.575,0.435,0.54,0.148,0.281,0.357,0.379,0.512,0.508,0.457,0.54,0.026,0.369,0.305,0.192,0.132,0.095,0.41,0.228,0.779,0.643,0.764,0.684,0.258,0.505,0.542,0.214
2020-08-15,0.879,0.845,0.88,0.873,0.337,0.592,0.486,0.296,0.817,0.54,0.647,0.785,-0.749,-0.369,,0.748,0.678,0.764,0.282,0.785,0.515,0.404,0.178,0.227,0.576,0.41,0.53,0.684,0.526,0.59,0.027,0.434,0.295,0.168,0.144,0.121,0.498,0.656,0.815,0.599,0.775,0.472,0.314,0.623,0.701,0.775
2020-09-15,0.866,0.84,0.864,0.866,0.359,0.526,0.566,0.706,0.811,0.542,0.812,0.813,-0.246,-0.162,0.578,0.728,0.712,0.772,0.295,0.743,0.364,0.62,0.243,0.289,0.624,0.433,0.517,0.742,0.553,0.803,0.048,0.386,0.353,0.184,0.223,0.152,0.504,0.665,0.82,0.849,0.648,0.811,0.334,0.571,0.709,0.3
2020-10-15,0.633,0.746,0.59,0.624,0.34,0.506,0.402,0.614,0.842,0.828,0.817,0.83,-0.897,-0.621,0.83,0.725,0.716,0.774,0.297,0.58,0.355,0.446,0.269,0.338,0.502,0.455,0.461,0.585,0.41,0.712,0.02,0.397,0.418,0.153,0.27,0.198,0.469,0.352,0.828,0.86,0.827,0.82,0.242,0.473,0.663,0.143
2020-11-15,0.444,0.568,0.38,0.431,0.337,0.406,0.315,0.277,0.849,0.817,0.846,0.831,-0.152,-0.169,0.82,0.752,0.711,0.781,0.307,0.41,0.34,0.289,0.246,0.328,0.337,0.467,0.332,0.383,0.284,0.353,0.02,0.386,0.449,0.139,0.181,0.229,0.443,0.226,0.838,0.86,0.853,0.818,0.185,0.438,0.58,0.136
2020-12-15,0.386,0.528,0.34,0.417,0.369,0.31,0.282,0.26,0.848,0.844,0.842,0.83,-0.732,-0.333,0.846,0.762,0.708,0.779,0.366,0.438,0.405,0.274,0.279,0.332,0.186,0.54,0.315,0.326,0.233,0.243,0.008,0.312,0.438,0.117,0.196,0.262,0.425,0.259,0.831,0.85,0.853,0.808,0.195,0.464,0.599,0.151
2021-01-15,0.362,0.441,0.32,0.4,0.372,0.262,0.255,0.253,0.825,0.82,0.805,0.804,-0.467,-0.5,0.826,0.738,0.69,0.766,0.355,0.406,0.391,0.224,0.27,0.328,0.143,0.539,0.271,0.129,0.195,0.212,0.004,0.235,0.435,0.111,0.197,0.155,0.38,0.268,0.791,0.563,0.822,0.797,0.187,0.47,0.537,0.145
2021-02-15,0.332,0.348,0.299,0.354,0.336,0.22,0.215,0.234,0.768,0.738,0.735,0.609,-0.207,-0.183,0.81,0.671,0.641,0.731,0.324,0.348,0.337,0.192,0.214,0.286,0.117,0.489,0.219,0.124,0.165,0.191,-0.0,0.214,0.332,0.107,0.186,0.139,0.338,0.242,0.515,0.37,0.758,0.64,0.167,0.422,0.481,0.138
2021-03-15,0.305,0.26,0.272,0.317,0.305,0.183,0.183,0.215,0.582,0.603,0.508,0.38,-0.181,-0.212,0.743,0.483,0.483,0.53,0.291,0.303,0.3,0.146,0.211,0.263,0.104,0.404,0.18,0.125,0.146,0.169,-0.0,0.193,0.313,0.187,0.171,0.128,0.29,0.214,0.336,0.272,0.546,0.323,0.151,0.279,0.412,0.128
2021-04-15,0.288,0.239,0.263,0.301,0.286,0.154,0.17,0.203,0.526,0.69,0.61,0.323,-0.016,-0.047,0.734,0.507,0.365,0.372,0.261,0.28,0.278,0.137,0.199,0.252,0.113,0.366,0.164,0.125,0.135,0.16,-0.001,0.18,0.31,0.2,0.16,0.116,0.186,0.199,0.295,0.261,0.377,0.29,0.144,0.2,0.238,0.13
2021-05-15,0.296,0.253,0.276,0.32,0.278,0.153,0.158,0.198,0.58,0.713,0.702,0.321,-0.163,-0.171,0.712,0.613,0.573,0.658,0.266,0.289,0.288,0.131,0.206,0.254,0.111,0.325,0.115,0.122,0.132,0.156,0.01,0.148,0.335,0.197,0.162,0.117,0.179,0.197,0.36,0.297,0.342,0.303,0.135,0.129,0.218,0.113
2021-06-15,0.366,0.398,0.328,0.4,0.274,0.158,0.156,0.195,0.592,0.758,0.701,0.302,-0.225,-0.249,0.718,0.687,0.657,0.731,0.283,0.303,0.255,0.146,0.207,0.259,0.105,0.337,0.118,0.132,0.147,0.195,0.004,0.184,0.358,0.189,0.189,0.165,0.208,0.202,0.788,0.688,0.543,0.53,0.144,0.134,0.157,0.115
2021-07-15,0.857,0.822,0.864,0.879,0.352,0.434,0.511,0.506,0.777,0.805,0.803,0.777,-0.618,-0.62,0.733,0.474,0.711,0.774,0.309,0.575,0.368,0.506,0.287,0.512,0.448,0.42,0.807,0.497,0.442,0.625,-0.005,0.635,0.502,0.192,0.309,0.154,0.543,0.231,0.75,0.823,0.816,0.798,0.346,0.297,0.165,0.404
2021-08-15,0.868,0.846,0.85,0.878,0.395,0.607,0.569,0.6,,0.749,0.448,0.637,-0.541,-0.242,0.06,,0.687,0.767,0.319,0.61,0.548,0.716,0.262,0.418,0.703,0.489,0.788,0.805,0.613,0.71,0.007,0.6,0.456,0.17,0.239,0.182,0.492,0.217,0.809,0.72,0.749,0.747,0.699,0.725,0.31,0.732
2021-09-15,0.869,0.835,0.848,0.844,0.408,0.451,0.291,0.593,0.805,0.777,,0.464,-0.829,-0.571,,,0.704,0.747,0.297,0.66,0.629,0.705,0.266,0.565,0.691,0.524,0.765,0.801,0.659,0.784,-0.0,0.436,0.482,0.173,0.254,0.237,0.473,0.308,0.618,0.611,0.816,0.774,0.663,0.786,0.381,0.802
2021-10-15,0.828,0.829,0.765,0.81,0.406,0.519,0.331,0.396,0.843,0.852,0.848,0.812,-0.624,-0.594,0.638,0.718,0.73,0.788,0.308,0.636,0.562,0.691,0.29,0.399,0.684,0.503,0.717,0.698,0.593,0.808,0.007,0.517,0.485,0.174,0.318,0.247,0.49,0.346,0.846,0.845,0.842,0.797,0.571,0.747,0.474,0.764
2021-11-15,0.576,0.787,0.548,0.549,0.473,0.297,0.339,0.348,0.841,0.836,0.793,0.807,-0.9,-0.877,0.575,0.684,0.713,0.765,0.268,0.526,0.328,0.485,0.317,0.345,0.49,0.542,0.498,0.531,0.37,0.477,0.024,0.473,0.438,0.19,0.265,0.195,0.341,0.373,0.817,0.839,0.849,0.799,0.274,0.223,0.442,0.296
2021-12-15,0.418,0.731,0.452,0.441,0.475,0.247,0.273,0.358,0.831,0.858,0.827,0.809,-0.866,-0.764,0.577,0.701,0.708,0.769,0.282,0.486,0.263,0.388,0.318,0.203,0.405,0.55,0.384,0.421,0.307,0.281,0.03,0.345,0.456,0.195,0.302,0.221,0.219,0.385,0.834,0.826,0.839,0.791,0.251,0.213,0.327,0.237
2022-01-15,0.338,0.564,0.322,0.389,0.452,0.184,0.193,0.345,0.639,0.805,0.789,0.553,-0.333,-0.778,0.528,0.665,0.673,0.738,0.261,0.414,0.223,0.305,0.313,0.156,0.331,0.54,0.304,0.339,0.237,0.221,0.037,0.284,0.442,0.196,0.28,0.202,0.122,0.359,0.8,0.767,0.66,0.757,0.23,0.191,0.25,0.22
2022-02-15,0.321,0.359,0.283,0.352,0.429,0.17,0.187,0.334,0.772,0.764,0.752,0.741,-0.158,-0.249,0.489,0.603,0.657,0.699,0.242,0.364,0.207,0.274,0.294,0.155,0.273,0.505,0.256,0.303,0.201,0.199,0.054,0.246,0.423,0.226,0.28,0.192,0.117,0.329,0.706,0.652,0.76,0.739,0.221,0.18,0.194,0.206
2022-03-15,0.309,0.237,0.263,0.333,0.357,0.162,0.183,0.302,0.712,0.587,0.578,0.677,-0.321,-0.272,0.435,0.515,0.564,0.656,0.231,0.313,0.174,0.23,0.279,0.148,0.209,0.454,0.239,0.25,0.185,0.186,0.058,0.224,0.408,0.217,0.275,0.182,0.11,0.319,0.399,0.342,0.707,0.643,0.211,0.17,0.16,0.191
2022-04-15,0.293,0.223,0.264,0.311,0.316,0.15,0.17,0.287,0.595,0.725,0.781,0.462,-0.097,-0.032,0.584,0.504,0.452,0.512,0.207,0.271,0.149,0.194,0.278,0.152,0.181,0.4,0.21,0.221,0.167,0.168,0.054,0.198,0.401,0.215,0.252,0.167,0.104,0.302,0.327,0.278,0.517,0.419,0.204,0.162,0.142,0.173
2022-05-15,0.312,0.229,0.27,0.321,0.293,0.158,0.168,0.282,0.679,0.748,0.806,0.692,-0.134,-0.121,0.73,0.624,0.581,0.619,0.212,0.179,0.138,0.112,0.274,0.147,0.119,0.367,0.203,0.213,0.166,0.159,0.061,0.177,0.396,0.195,0.252,0.161,0.121,0.3,0.423,0.29,0.305,0.431,0.2,0.163,0.153,0.165
2022-06-15,0.613,0.365,0.32,0.359,0.311,0.148,0.168,0.297,0.703,0.728,0.754,0.73,-0.222,-0.203,1.053,0.454,0.679,0.746,0.231,0.187,0.133,0.11,0.276,0.153,0.19,0.373,0.216,0.203,0.162,0.245,0.035,0.204,0.451,0.188,0.247,0.16,0.11,0.301,0.705,0.531,0.457,0.67,0.251,0.158,0.162,0.155
2022-07-15,0.884,0.771,0.889,0.895,0.397,0.436,0.306,0.322,0.759,0.848,0.821,0.769,-0.479,-0.545,0.586,0.62,0.724,0.767,0.313,0.15,0.154,0.123,0.29,0.158,0.15,0.407,0.568,0.634,0.434,0.74,0.043,0.434,0.477,0.207,0.366,0.187,0.098,0.335,0.85,0.855,0.65,0.79,0.231,0.18,0.232,0.193
2022-08-15,0.889,0.732,0.874,0.889,0.381,0.921,1.26,0.944,1.425,,,0.557,-0.685,0.381,,,,,0.599,0.274,0.134,0.501,0.357,0.317,0.416,0.477,0.654,0.821,0.68,1.289,0.038,1.23,0.492,0.272,0.592,0.59,0.178,0.381,1.447,0.819,0.715,0.568,0.426,1.018,1.0,0.22
2022-09-15,0.846,0.709,0.822,0.858,0.347,0.552,0.489,0.464,0.42,0.807,0.769,0.818,-0.484,-0.483,0.756,0.622,0.719,0.781,0.291,0.195,0.232,0.164,0.389,0.221,0.302,0.437,0.551,0.84,0.645,0.687,0.093,0.485,0.647,0.176,0.335,0.252,0.119,0.368,0.838,0.834,0.804,0.777,0.601,0.213,0.424,0.245
2022-10-15,0.695,0.571,0.668,0.675,0.337,0.346,0.262,0.55,0.857,0.837,0.857,0.818,-0.951,-0.939,0.777,0.671,0.738,0.798,0.311,0.224,0.217,0.17,0.41,0.272,0.456,0.488,0.494,0.672,0.518,0.57,0.086,0.344,0.539,0.184,0.334,0.351,0.135,0.421,0.851,0.865,0.839,0.798,0.493,0.281,0.461,0.295
2022-11-15,0.509,0.417,0.393,0.495,0.315,0.253,0.272,0.446,0.85,0.843,0.85,0.82,-0.464,-0.834,0.782,0.675,0.733,0.785,0.379,0.22,0.256,0.186,0.413,0.242,0.451,0.537,0.378,0.456,0.344,0.318,0.092,0.313,0.572,0.196,0.379,0.295,0.144,0.456,0.853,0.86,0.855,0.804,0.35,0.328,0.31,0.352
2022-12-15,0.42,0.357,0.334,0.428,0.266,0.235,0.278,0.37,0.841,0.841,0.842,0.801,-0.778,-0.831,0.771,0.688,0.718,0.775,0.399,0.224,0.295,0.202,0.412,0.225,0.36,0.556,0.299,0.382,0.274,0.255,0.09,0.281,0.568,0.213,0.401,0.288,0.179,0.47,0.829,0.834,0.828,0.784,0.32,0.298,0.252,0.344
2023-01-15,0.37,0.291,0.289,0.396,0.222,0.211,0.255,0.342,0.81,0.823,0.821,0.775,-0.223,-0.346,0.74,0.648,0.679,0.751,0.391,0.206,0.271,0.196,0.357,0.211,0.26,0.503,0.249,0.336,0.222,0.211,0.083,0.229,0.54,0.23,0.388,0.279,0.166,0.427,0.743,0.679,0.808,0.756,0.295,0.291,0.234,0.315
2023-02-15,0.326,0.246,0.26,0.351,0.161,0.196,0.222,0.312,0.777,0.693,0.749,0.745,-0.201,-0.135,0.715,0.586,0.637,0.705,0.342,0.192,0.234,0.186,0.317,0.19,0.193,0.449,0.211,0.297,0.183,0.182,0.079,0.203,0.441,0.213,0.329,0.258,0.15,0.388,0.46,0.443,0.752,0.715,0.279,0.262,0.213,0.296
2023-03-15,0.316,0.215,0.257,0.325,0.151,0.184,0.208,0.298,0.628,0.585,0.537,0.662,-0.326,-0.331,0.661,0.479,0.527,0.58,0.327,0.188,0.223,0.183,0.299,0.185,0.152,0.4,0.187,0.272,0.169,0.173,0.08,0.178,0.42,0.213,0.317,0.255,0.16,0.376,0.339,0.292,0.668,0.487,0.27,0.243,0.205,0.288
2023-04-15,0.288,0.195,0.233,0.297,0.146,0.165,0.192,0.258,0.59,0.699,0.653,0.455,-0.139,-0.084,0.657,0.472,0.376,0.365,0.282,0.178,0.205,0.167,0.269,0.17,0.127,0.341,0.165,0.247,0.151,0.163,0.079,0.16,0.384,0.195,0.294,0.238,0.152,0.331,0.286,0.261,0.431,0.31,0.245,0.223,0.18,0.266
2023-05-15,0.293,0.159,0.235,0.297,0.132,0.157,0.194,0.234,0.628,0.734,0.757,0.488,-0.258,-0.204,0.667,0.573,0.419,0.43,0.269,0.17,0.193,0.156,0.266,0.163,0.109,0.326,0.155,0.235,0.149,0.154,0.072,0.153,0.369,0.202,0.269,0.227,0.144,0.316,0.307,0.259,0.347,0.276,0.239,0.218,0.172,0.258
2023-06-15,0.312,0.159,0.269,0.322,0.137,0.157,0.196,0.242,0.639,0.744,0.753,0.509,-0.133,-0.149,0.672,0.628,0.563,0.669,0.264,0.167,0.181,0.147,0.262,0.161,0.111,0.316,0.15,0.247,0.138,0.167,0.064,0.149,0.375,0.196,0.284,0.226,0.133,0.334,0.327,0.275,0.518,0.344,0.252,0.222,0.174,0.254
2023-07-15,0.869,0.289,0.808,0.846,0.122,0.414,0.377,0.299,0.577,0.729,0.539,0.47,-0.435,-0.391,0.675,0.383,0.457,0.417,0.385,0.186,0.224,0.208,0.315,0.234,0.182,0.399,0.247,0.526,0.229,0.542,0.066,0.169,0.42,0.19,0.372,0.297,0.173,0.352,0.519,0.449,,0.6,0.644,0.251,0.228,0.285
2023-08-15,0.89,0.146,0.895,0.874,0.157,0.513,0.404,0.459,0.774,0.827,0.828,0.813,0.284,-0.436,0.723,0.71,0.689,0.777,0.439,0.194,0.238,0.183,0.334,0.246,0.113,0.564,0.589,0.666,0.621,0.683,0.096,0.228,0.444,0.191,0.388,0.43,0.166,0.387,0.862,0.862,0.794,0.79,0.717,0.281,0.234,0.324
2023-09-15,0.869,0.214,0.886,0.867,0.194,0.571,0.512,0.481,0.778,0.801,0.854,0.754,0.56,0.631,0.678,0.706,0.652,0.68,0.365,0.252,0.288,0.21,0.348,0.253,0.134,0.649,0.621,0.649,0.569,0.755,0.108,0.299,0.457,0.191,0.418,0.475,0.175,0.396,0.849,0.811,0.804,0.784,0.436,0.311,0.369,0.346
2023-10-15,0.86,0.6,0.857,0.791,0.236,0.487,0.606,0.527,0.865,0.839,0.851,0.856,0.597,0.917,0.727,0.79,0.682,0.758,0.37,0.356,0.294,0.248,0.394,0.511,0.26,0.619,0.651,0.559,0.534,0.628,0.133,0.578,0.584,0.202,0.513,0.356,0.193,0.472,0.876,0.887,0.817,0.808,0.462,0.35,0.58,0.421
2023-11-15,0.63,0.588,0.619,0.537,0.239,0.418,0.437,0.46,0.835,0.852,0.798,0.845,0.914,0.921,0.564,0.746,0.699,0.748,0.442,0.394,0.288,0.291,0.479,0.378,0.373,0.645,0.611,0.481,0.41,0.47,0.097,0.557,0.569,0.195,0.547,0.415,0.215,0.516,0.868,0.865,0.819,0.812,0.484,0.364,0.454,0.455
2023-12-15,0.574,0.709,0.587,0.535,0.261,0.374,0.386,0.463,0.824,0.749,0.783,0.799,-0.05,0.839,0.652,0.736,0.688,0.767,0.493,0.3,0.303,0.403,0.506,0.378,,0.683,0.511,0.398,0.29,0.472,0.116,0.551,0.602,0.271,0.492,0.383,0.296,0.564,0.871,0.759,0.762,0.756,0.561,0.422,,0.507
2024-01-15,0.378,0.656,0.397,0.41,0.27,0.444,0.281,0.386,0.556,0.646,0.826,0.839,-0.753,-0.599,0.511,0.742,0.678,0.718,0.457,0.275,0.354,0.339,0.491,0.267,0.427,0.605,0.389,0.312,0.202,0.308,0.076,0.352,0.564,0.194,0.491,0.361,0.219,0.52,0.847,0.828,0.8,0.796,0.501,0.377,0.481,0.443
2024-02-15,0.333,0.473,0.33,0.374,0.3,0.413,0.287,0.376,0.793,0.747,0.781,0.82,-0.849,-0.285,0.568,0.712,0.672,0.726,0.445,0.297,0.34,0.332,0.476,0.267,0.396,0.564,0.341,0.268,0.18,0.294,0.091,0.303,0.558,0.21,0.482,0.368,0.227,0.475,0.82,0.678,0.768,0.774,0.485,0.399,0.38,0.433
2024-03-15,0.314,0.374,0.302,0.338,0.281,0.355,0.276,0.355,0.725,0.714,0.642,0.67,-0.913,-0.274,0.539,0.52,0.502,0.509,0.42,0.295,0.329,0.33,0.439,0.246,0.335,0.475,0.262,0.222,0.155,0.24,0.091,0.261,0.448,0.227,0.454,0.36,0.228,0.399,0.57,0.404,0.551,0.568,0.448,0.395,0.28,0.421
2024-04-15,0.275,0.3,0.26,0.286,0.252,0.276,0.242,0.322,0.666,0.752,0.754,0.581,-0.014,-0.043,0.668,0.524,0.465,0.46,0.377,0.274,0.315,0.317,0.398,0.224,0.264,0.354,0.181,0.192,0.136,0.181,0.077,0.214,0.409,0.225,0.411,0.328,0.221,0.342,0.332,0.282,0.413,0.389,0.395,0.362,0.25,0.389
2024-05-15,0.257,0.193,0.247,0.271,0.226,0.218,0.221,0.299,0.621,0.736,0.743,0.528,-0.236,-0.176,0.715,0.62,0.564,0.683,0.333,0.248,0.278,0.296,0.352,0.207,0.16,0.299,0.092,0.176,0.117,0.133,0.068,0.175,0.388,0.212,0.338,0.297,0.205,0.309,0.307,0.264,0.24,0.298,0.365,0.35,0.216,0.36
2024-06-15,0.306,0.21,0.295,0.32,0.24,0.229,0.236,0.315,0.651,0.756,0.746,0.514,-0.127,-0.193,0.74,0.621,0.599,0.711,0.36,0.267,0.292,0.3,0.403,0.215,0.15,0.329,0.146,0.194,0.132,0.15,0.064,0.134,0.376,0.227,0.357,0.301,0.211,0.328,0.356,0.285,0.324,0.322,0.396,0.348,0.235,0.373
2024-07-15,0.874,0.865,0.879,0.895,0.338,0.556,0.372,,,,0.772,0.631,-0.564,0.068,,0.684,0.683,0.46,0.501,0.349,0.39,0.38,0.449,0.475,0.48,0.586,0.63,0.506,0.355,0.688,0.059,0.177,0.499,0.229,0.62,0.488,0.278,0.411,0.786,0.591,0.503,0.576,0.633,0.447,0.375,0.451
2024-08-15,0.894,0.748,0.896,0.891,0.34,0.803,0.628,0.826,0.429,0.355,0.433,0.534,-0.543,-0.49,0.514,0.568,0.591,0.571,0.429,0.509,0.384,0.42,0.476,0.86,0.569,0.686,0.802,0.833,0.757,0.718,0.079,0.409,0.578,0.215,0.64,0.457,0.347,0.477,0.788,0.58,0.756,,0.738,0.519,0.543,0.533
2024-09-15,0.876,0.738,0.892,0.891,0.391,0.669,0.485,0.811,0.741,0.646,0.743,0.732,-0.84,-0.35,0.643,0.585,0.603,0.586,0.429,0.451,0.357,0.377,0.457,0.795,0.443,0.608,0.818,0.823,0.7,0.741,0.098,0.46,0.551,0.186,0.431,0.455,0.297,0.42,0.793,0.765,0.76,0.713,0.681,0.441,0.634,0.594
2024-10-15,0.741,0.677,0.809,0.76,0.624,0.449,0.529,0.594,0.845,0.843,0.827,0.845,-0.808,-0.635,0.8,0.723,0.687,0.753,0.446,0.392,0.357,0.384,0.49,0.738,0.633,0.522,0.769,0.763,0.573,0.701,0.109,0.447,0.613,0.19,0.44,0.536,0.293,0.549,0.841,0.825,0.805,0.818,0.628,0.485,0.532,0.52
2024-11-15,0.522,0.491,0.567,0.528,0.453,0.361,0.466,0.443,0.848,0.846,0.843,0.857,-0.875,-0.929,0.811,0.736,0.677,0.742,0.471,0.396,0.37,0.396,0.551,0.486,0.424,0.448,0.658,0.57,0.422,0.438,0.117,0.36,0.511,0.194,0.449,0.506,0.301,0.513,0.855,0.826,0.805,0.792,0.572,0.535,0.476,0.53
2024-12-15,0.435,0.457,0.492,0.451,0.322,0.349,0.414,0.398,0.838,0.858,0.805,0.835,-0.186,-0.097,0.798,0.706,0.661,0.712,0.498,0.415,0.4,0.433,0.543,0.348,0.387,0.411,0.428,0.473,0.307,0.32,0.095,0.371,0.474,0.216,0.469,0.476,0.328,0.488,0.823,0.817,0.803,0.799,0.546,0.54,0.45,0.523
2025-01-15,2.608,0.629,1.366,0.405,0.317,0.328,0.364,0.368,0.83,2.24,0.806,0.829,-0.052,-0.034,0.781,0.707,0.655,0.71,0.526,0.409,0.401,0.45,0.534,0.308,0.306,0.532,0.309,0.37,0.252,0.237,0.097,0.328,0.432,0.222,0.894,0.452,0.343,0.489,0.81,0.772,0.788,0.797,0.544,0.517,0.388,0.513
2025-02-15,1.9,0.663,1.54,2.797,0.889,0.688,0.69,0.772,1.877,2.379,1.959,2.304,0.015,0.014,4.15,2.203,3.011,1.847,0.901,0.756,0.998,0.912,1.364,0.788,0.55,0.585,0.787,0.646,0.416,0.278,0.68,0.513,1.013,0.402,0.973,0.919,0.642,1.158,1.759,1.162,1.598,1.909,1.091,1.088,0.711,1.166
2025-03-15,0.303,0.24,0.269,0.326,0.27,0.264,0.265,0.302,0.65,0.619,0.557,0.689,-0.135,-0.211,0.724,0.489,0.524,0.532,0.36,0.343,0.346,0.379,0.415,0.222,0.181,0.219,0.185,0.214,0.162,0.157,0.085,0.226,0.345,0.213,0.354,0.331,0.302,0.366,0.341,0.289,0.529,0.474,0.412,0.415,0.273,0.385
2025-04-15,0.295,0.22,0.265,0.314,0.248,0.25,0.25,0.283,0.634,0.712,0.715,0.571,-0.077,-0.134,0.681,0.503,0.431,0.417,0.329,0.32,0.336,0.352,0.377,0.212,0.172,0.198,0.174,0.207,0.157,0.153,0.07,0.216,0.224,0.226,0.334,0.313,0.281,0.334,0.292,0.264,0.376,0.331,0.374,0.38,0.261,0.364
2025-05-15,0.28,0.198,0.256,0.297,0.222,0.22,0.227,0.262,0.652,0.753,0.778,0.434,-0.179,-0.148,0.678,0.558,0.384,0.178,0.295,0.305,0.326,0.328,0.342,0.197,0.115,0.179,0.147,0.184,0.141,0.133,0.059,0.168,0.166,0.224,0.292,0.274,0.261,0.313,0.292,0.248,0.272,0.272,0.337,0.349,0.233,0.339
2025-06-15,0.325,0.218,0.333,0.359,0.349,0.257,0.273,0.294,0.589,0.728,0.661,0.359,-0.076,-0.34,0.677,0.486,0.633,0.498,0.317,0.374,0.403,0.412,0.41,0.282,0.105,0.138,0.15,0.187,0.146,0.131,0.022,0.136,0.172,0.236,0.313,0.292,0.343,0.375,0.313,0.293,0.425,0.318,0.363,0.409,0.308,0.418
2025-07-15,0.885,0.767,0.894,0.898,0.691,0.788,0.759,0.769,0.711,0.459,0.525,0.621,-0.265,-0.116,0.589,0.555,0.438,0.675,0.487,0.418,0.393,0.402,0.424,0.811,0.658,0.136,0.798,0.757,0.659,0.765,0.025,0.079,0.174,0.191,0.443,0.551,0.332,0.652,0.837,0.774,0.812,0.715,0.753,0.625,0.429,0.6
2025-08-15,0.866,0.833,0.877,0.873,0.623,0.602,0.631,0.794,0.732,0.739,0.785,0.735,-0.177,-0.01,0.661,,0.593,0.648,0.505,0.522,0.444,0.42,0.455,0.824,0.711,0.166,0.683,0.789,0.742,0.797,0.024,0.073,0.165,0.213,0.541,0.559,0.351,0.599,0.773,0.801,0.79,0.762,0.714,0.574,0.366,0.699
2025-09-15,0.886,0.816,0.863,0.856,0.539,0.465,0.664,0.607,0.81,0.809,0.844,0.849,-0.76,-0.589,0.694,0.706,0.688,0.681,0.419,0.442,0.421,0.444,0.42,0.684,0.703,0.225,0.781,0.813,0.714,0.658,0.003,0.087,0.231,0.195,0.595,0.61,0.429,0.551,0.823,0.832,,0.775,0.699,0.597,0.486,0.679
2025-10-15,0.789,0.773,0.705,0.711,0.488,0.315,0.423,0.492,0.842,0.858,0.861,0.87,-0.943,-0.895,0.661,0.716,0.717,0.69,0.52,0.516,0.433,0.468,0.496,0.297,0.663,0.256,0.762,0.789,0.571,0.562,0.027,0.096,0.197,0.208,0.503,0.63,0.475,0.444,0.863,0.856,0.854,0.805,0.618,0.64,0.573,0.674
2025-11-15,0.555,0.633,0.498,0.557,0.434,0.328,0.393,0.403,0.835,0.855,0.875,0.88,-0.417,-0.25,0.638,0.754,0.708,0.689,0.438,0.535,0.45,0.494,0.509,0.281,0.498,0.265,0.569,0.576,0.377,0.378,0.056,0.106,0.186,0.235,0.501,0.578,0.453,0.45,0.852,0.845,0.865,0.797,0.511,0.596,0.474,0.611
2025-12-15,0.451,0.589,0.398,0.506,0.315,0.395,0.412,0.392,0.831,0.848,0.867,0.872,-0.875,-0.935,0.513,0.753,0.701,0.679,0.487,0.564,0.499,0.527,0.521,0.281,0.408,0.272,0.42,0.446,0.276,0.327,0.056,0.117,0.19,0.246,0.515,0.555,0.449,0.458,0.836,0.827,0.826,0.786,0.519,0.57,0.457,0.546
2026-01-15,0.353,0.505,0.34,0.436,0.298,0.374,0.381,0.367,0.734,0.806,0.811,0.725,-0.685,-0.65,0.529,0.659,0.678,0.64,0.473,0.536,0.488,0.517,0.482,0.267,0.22,0.261,0.325,0.369,0.231,0.282,0.084,0.118,0.17,0.257,0.483,0.489,0.41,0.413,0.8,0.786,0.776,0.761,0.484,0.511,0.428,0.466
2026-02-15,0.313,0.406,0.279,0.375,0.287,0.285,0.355,0.344,0.743,0.704,0.789,0.829,-0.431,-0.23,0.49,0.674,0.653,0.618,0.467,0.478,0.451,0.494,0.435,0.257,0.167,0.264,0.267,0.281,0.189,0.219,0.074,0.112,0.187,0.268,0.427,0.441,0.381,0.367,0.731,0.651,0.759,0.722,0.423,0.462,0.412,0.438
2026-03-15,0.295,0.311,0.253,0.328,0.257,0.233,0.297,0.304,0.685,0.631,0.623,0.758,-0.181,-0.052,0.449,0.511,0.505,0.359,0.389,0.427,0.381,0.444,0.353,0.243,0.149,0.242,0.222,0.222,0.166,0.18,0.054,0.095,0.177,0.255,0.358,0.349,0.328,0.325,0.436,0.335,0.592,0.569,0.385,0.37,0.368,0.396
2026-04-15,0.285,0.285,0.252,0.327,0.26,0.211,0.249,0.279,0.682,0.752,0.777,0.599,-0.157,-0.06,0.687,0.542,0.372,0.412,0.364,0.434,0.378,0.42,0.188,0.234,0.135,0.236,0.209,0.203,0.158,0.158,0.066,0.091,0.175,0.26,0.332,0.305,0.309,0.301,0.32,0.27,0.405,0.29,0.361,0.323,0.351,0.357
2026-05-15,0.281,0.268,0.249,0.321,0.231,0.19,0.239,0.261,0.674,0.794,0.802,0.587,-0.195,-0.194,0.75,0.68,0.634,0.68,0.316,0.391,0.353,0.379,0.164,0.227,0.143,0.217,0.184,0.187,0.148,0.145,0.056,0.087,0.166,0.253,0.293,0.278,0.313,0.276,0.652,0.3,0.346,0.458,0.326,0.28,0.333,0.32
2026-06-15,0.538,0.542,0.803,0.878,0.538,0.525,0.272,0.615,,0.774,0.825,,-0.99,-0.994,0.822,0.649,,0.682,0.381,0.599,0.369,0.414,0.116,0.409,0.342,0.27,0.248,0.425,0.151,0.285,0.017,0.076,0.151,0.241,0.439,0.378,0.447,0.283,0.838,0.405,0.652,,0.496,0.331,0.474,0.375
2026-07-15,0.893,0.822,0.884,0.903,0.772,0.808,0.703,0.736,0.763,,0.829,0.656,-0.988,-0.229,0.757,,0.678,0.747,0.497,0.637,0.419,0.438,0.139,0.502,0.173,0.255,0.606,0.677,0.678,0.705,0.04,0.091,0.221,0.231,0.53,0.489,0.547,0.485,0.836,0.771,0.65,0.73,0.634,0.64,0.807,0.575
2026-08-15,0.879,0.869,0.869,0.871,0.718,0.67,0.766,0.758,0.838,0.853,0.858,0.834,-0.149,-0.134,0.803,0.751,0.738,0.761,0.59,0.65,0.476,0.452,0.157,0.279,0.231,0.302,0.759,0.679,0.742,0.794,0.088,0.118,0.251,0.241,0.535,0.532,0.434,0.484,0.846,0.813,0.788,0.765,0.671,0.698,0.807,0.749
2026-09-15,0.837,0.881,0.798,0.78,0.554,0.445,0.616,0.574,0.703,0.698,0.624,0.71,0.079,-0.213,0.7,0.606,0.711,0.615,0.58,0.597,0.535,0.451,0.157,0.332,0.164,0.322,0.702,0.615,0.638,0.761,0.109,0.184,0.248,0.225,0.527,0.554,0.342,0.602,0.803,0.668,0.669,0.566,0.648,0.725,0.734,0.77
