anio,agave_tequila_kt,agave_tequila100_kt,produccion_tequila_ml,produccion_tequila100_ml,export_tequila_ml,export_tequila100_ml,export_granel_ml,export_envasado_ml,agave_total_kt,produccion_total_ml,export_total_ml,nacional_aprox_ml,anio_parcial
1995,203.389,75.269,88.742,15.579,63.404,1.193,58.019,6.579,278.658,104.321,64.597,39.724,
1996,262.359,167.105,105.325,29.44,73.293,1.938,66.306,8.925,429.464,134.765,75.231,59.534,
1997,276.063,246.241,113.544,42.999,81.063,3.287,73.684,10.666,522.304,156.543,84.35,72.193,
1998,296.501,375.629,111.773,57.988,81.451,5.083,73.631,12.903,672.13,169.761,86.534,83.227,
1999,366.999,413.235,129.185,61.416,90.128,7.208,82.835,14.501,780.234,190.601,97.336,93.265,
2000,428.133,186.873,156.521,25.086,90.656,8.158,81.282,17.532,615.006,181.607,98.814,82.793,
2001,292.422,150.682,120.095,26.534,68.62,6.95,56.336,19.234,443.104,146.629,75.57,71.059,
2002,267.736,146.188,111.59,28.965,80.009,8.029,65.578,22.461,413.924,140.555,88.038,52.517,
2003,239.196,173.692,104.297,36.001,89.819,11.829,72.108,29.54,412.888,140.298,101.648,38.65,
2004,308.328,221.748,133.185,42.801,93.431,15.647,75.741,33.33,530.076,175.986,109.078,66.908,
2005,333.064,355.745,139.565,70.169,95.675,21.396,76.481,40.59,688.809,209.734,117.071,92.663,
2006,366.276,412.279,160.852,81.818,113.108,26.978,90.468,49.618,778.555,242.67,140.086,102.584,
2007,368.676,685.661,148.537,135.559,101.091,34.041,78.042,57.247,1054.337,284.096,135.132,148.964,
2008,355.122,770.023,148.532,163.616,101.517,35.871,79.578,57.81,1125.145,312.148,137.388,174.76,
2009,260.825,663.959,106.486,142.554,98.958,37.424,79.978,56.404,924.784,249.04,136.382,112.658,
2010,289.246,725.895,107.686,149.796,104.51,48.002,84.094,68.419,1015.141,257.482,152.512,104.97,
2011,279.561,718.838,105.844,155.258,108.057,55.826,85.65,78.233,998.399,261.102,163.883,97.219,
2012,337.547,543.045,138.897,114.314,105.483,61.199,80.583,86.099,880.592,253.211,166.682,86.529,
2013,292.01,464.913,127.493,99.044,108.908,63.09,83.681,88.317,756.923,226.537,171.998,54.539,
2014,312.418,475.825,138.878,103.55,99.779,72.732,75.705,96.807,788.243,242.428,172.511,69.917,
2015,270.102,518.773,119.102,109.381,105.001,77.902,83.576,99.327,788.875,228.483,182.903,45.58,
2016,277.886,663.867,128.929,144.332,108.871,89.061,86.352,111.58,941.753,273.261,197.932,75.329,
2017,264.449,691.644,120.596,150.769,111.812,101.44,85.459,127.793,956.093,271.365,213.252,58.113,
2018,323.749,815.093,138.988,170.128,108.857,115.26,82.888,141.228,1138.842,309.116,224.117,84.999,
2019,327.597,1015.009,144.206,207.477,116.719,129.947,90.708,155.958,1342.606,351.683,246.666,105.017,
2020,314.204,1092.785,145.647,228.319,123.136,163.568,96.829,189.876,1406.989,373.966,286.704,87.262,
2021,344.352,1674.339,161.228,365.804,128.216,211.139,99.226,240.129,2018.691,527.032,339.355,187.677,
2022,390.391,2220.415,181.009,470.376,152.164,266.746,114.467,304.442,2610.806,651.385,418.91,232.475,
2023,347.378,1940.69,171.529,427.16,136.616,264.753,100.565,300.805,2288.068,598.689,401.369,197.32,
2024,292.15,1599.089,147.355,348.483,129.671,272.403,98.134,303.94,1891.239,495.838,402.074,93.764,
2025,324.776,1864.419,168.118,415.413,129.366,278.617,96.39,311.594,2189.195,583.531,407.983,175.548,
2026,122.347,631.061,52.875,139.077,46.128,91.937,36.914,101.151,753.408,191.952,138.065,53.887,si
