estado,clave_estado,municipio,cvegeo_inegi,como_se_cruzo
Jalisco,14,Acatic,14001,estado-completo
Jalisco,14,Acatlán de Juárez,14002,estado-completo
Jalisco,14,Ahualulco de Mercado,14003,estado-completo
Jalisco,14,Amacueca,14004,estado-completo
Jalisco,14,Amatitán,14005,estado-completo
Jalisco,14,Ameca,14006,estado-completo
Jalisco,14,San Juanito de Escobedo,14007,estado-completo
Jalisco,14,Arandas,14008,estado-completo
Jalisco,14,El Arenal,14009,estado-completo
Jalisco,14,Atemajac de Brizuela,14010,estado-completo
Jalisco,14,Atengo,14011,estado-completo
Jalisco,14,Atenguillo,14012,estado-completo
Jalisco,14,Atotonilco el Alto,14013,estado-completo
Jalisco,14,Atoyac,14014,estado-completo
Jalisco,14,Autlán de Navarro,14015,estado-completo
Jalisco,14,Ayotlán,14016,estado-completo
Jalisco,14,Ayutla,14017,estado-completo
Jalisco,14,La Barca,14018,estado-completo
Jalisco,14,Bolaños,14019,estado-completo
Jalisco,14,Cabo Corrientes,14020,estado-completo
Jalisco,14,Casimiro Castillo,14021,estado-completo
Jalisco,14,Cihuatlán,14022,estado-completo
Jalisco,14,Zapotlán el Grande,14023,estado-completo
Jalisco,14,Cocula,14024,estado-completo
Jalisco,14,Colotlán,14025,estado-completo
Jalisco,14,Concepción de Buenos Aires,14026,estado-completo
Jalisco,14,Cuautitlán de García Barragán,14027,estado-completo
Jalisco,14,Cuautla,14028,estado-completo
Jalisco,14,Cuquío,14029,estado-completo
Jalisco,14,Chapala,14030,estado-completo
Jalisco,14,Chimaltitán,14031,estado-completo
Jalisco,14,Chiquilistlán,14032,estado-completo
Jalisco,14,Degollado,14033,estado-completo
Jalisco,14,Ejutla,14034,estado-completo
Jalisco,14,Encarnación de Díaz,14035,estado-completo
Jalisco,14,Etzatlán,14036,estado-completo
Jalisco,14,El Grullo,14037,estado-completo
Jalisco,14,Guachinango,14038,estado-completo
Jalisco,14,Guadalajara,14039,estado-completo
Jalisco,14,Hostotipaquillo,14040,estado-completo
Jalisco,14,Huejúcar,14041,estado-completo
Jalisco,14,Huejuquilla el Alto,14042,estado-completo
Jalisco,14,La Huerta,14043,estado-completo
Jalisco,14,Ixtlahuacán de los Membrillos,14044,estado-completo
Jalisco,14,Ixtlahuacán del Río,14045,estado-completo
Jalisco,14,Jalostotitlán,14046,estado-completo
Jalisco,14,Jamay,14047,estado-completo
Jalisco,14,Jesús María,14048,estado-completo
Jalisco,14,Jilotlán de los Dolores,14049,estado-completo
Jalisco,14,Jocotepec,14050,estado-completo
Jalisco,14,Juanacatlán,14051,estado-completo
Jalisco,14,Juchitlán,14052,estado-completo
Jalisco,14,Lagos de Moreno,14053,estado-completo
Jalisco,14,El Limón,14054,estado-completo
Jalisco,14,Magdalena,14055,estado-completo
Jalisco,14,Santa María del Oro,14056,estado-completo
Jalisco,14,La Manzanilla de la Paz,14057,estado-completo
Jalisco,14,Mascota,14058,estado-completo
Jalisco,14,Mazamitla,14059,estado-completo
Jalisco,14,Mexticacán,14060,estado-completo
Jalisco,14,Mezquitic,14061,estado-completo
Jalisco,14,Mixtlán,14062,estado-completo
Jalisco,14,Ocotlán,14063,estado-completo
Jalisco,14,Ojuelos de Jalisco,14064,estado-completo
Jalisco,14,Pihuamo,14065,estado-completo
Jalisco,14,Poncitlán,14066,estado-completo
Jalisco,14,Puerto Vallarta,14067,estado-completo
Jalisco,14,Villa Purificación,14068,estado-completo
Jalisco,14,Quitupan,14069,estado-completo
Jalisco,14,El Salto,14070,estado-completo
Jalisco,14,San Cristóbal de la Barranca,14071,estado-completo
Jalisco,14,San Diego de Alejandría,14072,estado-completo
Jalisco,14,San Juan de los Lagos,14073,estado-completo
Jalisco,14,San Julián,14074,estado-completo
Jalisco,14,San Marcos,14075,estado-completo
Jalisco,14,San Martín de Bolaños,14076,estado-completo
Jalisco,14,San Martín Hidalgo,14077,estado-completo
Jalisco,14,San Miguel el Alto,14078,estado-completo
Jalisco,14,Gómez Farías,14079,estado-completo
Jalisco,14,San Sebastián del Oeste,14080,estado-completo
Jalisco,14,Santa María de los Ángeles,14081,estado-completo
Jalisco,14,Sayula,14082,estado-completo
Jalisco,14,Tala,14083,estado-completo
Jalisco,14,Talpa de Allende,14084,estado-completo
Jalisco,14,Tamazula de Gordiano,14085,estado-completo
Jalisco,14,Tapalpa,14086,estado-completo
Jalisco,14,Tecalitlán,14087,estado-completo
Jalisco,14,Tecolotlán,14088,estado-completo
Jalisco,14,Techaluta de Montenegro,14089,estado-completo
Jalisco,14,Tenamaxtlán,14090,estado-completo
Jalisco,14,Teocaltiche,14091,estado-completo
Jalisco,14,Teocuitatlán de Corona,14092,estado-completo
Jalisco,14,Tepatitlán de Morelos,14093,estado-completo
Jalisco,14,Tequila,14094,estado-completo
Jalisco,14,Teuchitlán,14095,estado-completo
Jalisco,14,Tizapán el Alto,14096,estado-completo
Jalisco,14,Tlajomulco de Zúñiga,14097,estado-completo
Jalisco,14,San Pedro Tlaquepaque,14098,estado-completo
Jalisco,14,Tolimán,14099,estado-completo
Jalisco,14,Tomatlán,14100,estado-completo
Jalisco,14,Tonalá,14101,estado-completo
Jalisco,14,Tonaya,14102,estado-completo
Jalisco,14,Tonila,14103,estado-completo
Jalisco,14,Totatiche,14104,estado-completo
Jalisco,14,Tototlán,14105,estado-completo
Jalisco,14,Tuxcacuesco,14106,estado-completo
Jalisco,14,Tuxcueca,14107,estado-completo
Jalisco,14,Tuxpan,14108,estado-completo
Jalisco,14,Unión de San Antonio,14109,estado-completo
Jalisco,14,Unión de Tula,14110,estado-completo
Jalisco,14,Valle de Guadalupe,14111,estado-completo
Jalisco,14,Valle de Juárez,14112,estado-completo
Jalisco,14,San Gabriel,14113,estado-completo
Jalisco,14,Villa Corona,14114,estado-completo
Jalisco,14,Villa Guerrero,14115,estado-completo
Jalisco,14,Villa Hidalgo,14116,estado-completo
Jalisco,14,Cañadas de Obregón,14117,estado-completo
Jalisco,14,Yahualica de González Gallo,14118,estado-completo
Jalisco,14,Zacoalco de Torres,14119,estado-completo
Jalisco,14,Zapopan,14120,estado-completo
Jalisco,14,Zapotiltic,14121,estado-completo
Jalisco,14,Zapotitlán de Vadillo,14122,estado-completo
Jalisco,14,Zapotlán del Rey,14123,estado-completo
Jalisco,14,Zapotlanejo,14124,estado-completo
Jalisco,14,San Ignacio Cerro Gordo,14125,estado-completo
Guanajuato,11,Abasolo,11001,exacto
Guanajuato,11,Ciudad Manuel Doblado,11008,exacto
Guanajuato,11,Cuerámaro,11012,exacto
Guanajuato,11,Huanímaro,11016,exacto
Guanajuato,11,Pénjamo,11023,exacto
Guanajuato,11,Purísima del Rincón,11025,exacto
Guanajuato,11,Romita,11026,exacto
Michoacán,16,Briseñas de Matamoros,16011,exacto
Michoacán,16,Chavinda,16023,exacto
Michoacán,16,Chilchota,16025,exacto
Michoacán,16,Churintzio,16028,exacto
Michoacán,16,Cotija,16019,exacto
Michoacán,16,Ecuandureo,16030,exacto
Michoacán,16,Jacona,16043,exacto
Michoacán,16,Jiquilpan,16045,exacto
Michoacán,16,Maravatío,16050,exacto
Michoacán,16,Nuevo Parangaricutiro,16058,exacto
Michoacán,16,Numarán,16060,exacto
Michoacán,16,Pajacuarán,16062,exacto
Michoacán,16,Peribán,16068,exacto
Michoacán,16,La Piedad,16069,exacto
Michoacán,16,Régules,16074,exacto
Michoacán,16,Los Reyes,16075,exacto
Michoacán,16,Sahuayo,16076,exacto
Michoacán,16,Tancítaro,16083,exacto
Michoacán,16,Tangamandapio,16084,exacto
Michoacán,16,Tangancícuaro,16085,exacto
Michoacán,16,Tanhuato,16086,exacto
Michoacán,16,Tingüindín,16091,exacto
Michoacán,16,Tocumbo,16095,exacto
Michoacán,16,Venustiano Carranza,16103,exacto
Michoacán,16,Villamar,16104,exacto
Michoacán,16,Vistahermosa,16105,exacto
Michoacán,16,Yurécuaro,16106,exacto
Michoacán,16,Zamora,16108,exacto
Michoacán,16,Zináparo,16109,exacto
Michoacán,16,Marcos Castellanos,16051,exacto
Nayarit,18,Ahuacatlán,18002,exacto
Nayarit,18,Amatlán de Cañas,18003,exacto
Nayarit,18,Ixtlán del Río,18006,exacto
Nayarit,18,Jala,18007,exacto
Nayarit,18,Xalisco,18008,exacto
Nayarit,18,San Pedro Lagunillas,18013,exacto
Nayarit,18,Santa María del Oro,18014,exacto
Nayarit,18,Tepic,18017,exacto
Tamaulipas,28,Altamira,28003,exacto
Tamaulipas,28,Aldama,28002,exacto
Tamaulipas,28,González,28012,exacto
Tamaulipas,28,Llera,28019,exacto
Tamaulipas,28,Xicoténcatl,28043,exacto
Tamaulipas,28,Gómez Farías,28011,exacto
Tamaulipas,28,Ocampo,28029,exacto
Tamaulipas,28,Tula,28039,exacto
Tamaulipas,28,Nuevo Morelos,28028,exacto
Tamaulipas,28,Antiguo Morelos,28004,exacto
Tamaulipas,28,El Mante,28021,exacto
