anio,inpc_promedio,meses,factor_a_pesos_2025
1969,0.011794,12,11916.328102
1970,0.012384,12,11348.612803
1971,0.013061,12,10760.101316
1972,0.013707,12,10253.313392
1973,0.015363,12,9147.945042
1974,0.019017,12,7390.246574
1975,0.021859,12,6429.389429
1976,0.025318,12,5550.967343
1977,0.032677,12,4300.972656
1978,0.038381,12,3661.732266
1979,0.045363,12,3098.138919
1980,0.057317,12,2452.00114
1981,0.073328,12,1916.621304
1982,0.116528,12,1206.076343
1983,0.235242,12,597.437387
1984,0.389205,12,361.100929
1985,0.613964,12,228.909396
1986,1.143406,12,122.915366
1987,2.650728,12,53.020208
1988,5.676859,12,24.757028
1989,6.812679,12,20.629502
1990,8.628372,12,16.288377
1991,10.583765,12,13.279033
1992,12.225084,12,11.496213
1993,13.417208,12,10.47477
1994,14.351826,12,9.792633
1995,19.374859,12,7.253842
1996,26.035623,12,5.398072
1997,31.405634,12,4.475062
1998,36.408046,12,3.860195
1999,42.446546,12,3.311039
2000,46.475385,12,3.024013
2001,49.434816,12,2.842979
2002,51.921749,12,2.706807
2003,54.282578,12,2.589084
2004,56.827566,12,2.473134
2005,59.093884,12,2.378286
2006,61.238675,12,2.29499
2007,63.667921,12,2.207425
2008,66.93089,12,2.09981
2009,70.476459,12,1.994172
2010,73.405973,12,1.914588
2011,75.907193,12,1.8515
2012,79.028124,12,1.778382
2013,82.036243,12,1.713172
2014,85.332965,12,1.646986
2015,87.654569,12,1.603364
2016,90.127925,12,1.559363
2017,95.572964,12,1.470522
2018,100.255419,12,1.401841
2019,103.900667,12,1.352659
2020,107.43,12,1.308221
2021,113.541917,12,1.2378
2022,122.5075,12,1.147213
2023,129.279667,12,1.087117
2024,135.384583,12,1.038096
2025,140.542167,12,1.0
2026,145.181556,9,0.968044
