anio,precio_kg,tipo
1996,0.8,observado
1997,1.0,observado
1998,1.5,observado
1999,14.3,observado
2000,14.8,observado
2001,15.6,observado
2002,17.2,observado
2003,8.3,observado
2004,4.2,observado
2005,2.0,observado
2006,1.0,observado
2007,1.1,observado
2008,1.1,observado
2009,1.1,observado
2010,1.2,observado
2011,1.5,observado
2012,2.0,observado
2013,3.0,observado
2014,4.1,observado
2015,5.8,observado
2016,3.5,observado
2017,8.0,observado
2018,26.0,observado
2019,29.6,observado
2020,27.6,observado
2021,28.6,observado
2022,30.8,observado
2023,11.8,observado
2024,8.0,observado
2025,4.0,proyectado
2026,3.2,proyectado
2027,2.8,proyectado
2028,2.4,proyectado
2029,2.6,proyectado
2030,2.7,proyectado
2031,3.2,proyectado
2032,3.6,proyectado
