anio,precio_medio_rural_pesos_kg,fuente
2003,5.71,PRECIOS-AGAVE.md (SIAP nacional ponderado por producción)
2004,2.63,PRECIOS-AGAVE.md
2005,1.66,PRECIOS-AGAVE.md
2006,1.24,PRECIOS-AGAVE.md
2007,2.13,PRECIOS-AGAVE.md
2008,1.48,PRECIOS-AGAVE.md
2009,1.09,PRECIOS-AGAVE.md
2010,1.01,PRECIOS-AGAVE.md
2011,1.13,PRECIOS-AGAVE.md
2012,1.26,PRECIOS-AGAVE.md
2013,1.71,PRECIOS-AGAVE.md
2014,4.21,PRECIOS-AGAVE.md
2015,4.34,PRECIOS-AGAVE.md
2016,4.58,PRECIOS-AGAVE.md
2017,8.71,PRECIOS-AGAVE.md
2018,13.54,PRECIOS-AGAVE.md
2019,17.04,PRECIOS-AGAVE.md
2020,17.46,PRECIOS-AGAVE.md
2021,16.68,PRECIOS-AGAVE.md
2022,17.50,PRECIOS-AGAVE.md
2023,18.73,PRECIOS-AGAVE.md
2024,17.74,PRECIOS-AGAVE.md
2025,5.26,PRECIOS-AGAVE.md
