Anio,Idestado,Nomestado,Idciclo,Nomcicloproductivo,Idmodalidad,Nommodalidad,Idunidadmedida,Nomunidad,Idcultivo,Nomcultivo,Sembrada,Cosechada,Siniestrada,Volumenproduccion,Rendimiento,Precio,Valorproduccion
1980,28,Tamaulipas,3,Perennes,2,Temporal,200201,Tonelada,7130000,Henequén,14714.00,10642.00,0.00,16829.00,1.58,15.00,252435.00
1980,31,Yucatán,3,Perennes,2,Temporal,200201,Tonelada,7130000,Henequén,237000.00,135000.00,0.00,72205.00,0.53,15.00,1083075.00
1981,28,Tamaulipas,3,Perennes,2,Temporal,200201,Tonelada,7130000,Henequén,15032.00,10321.00,0.00,18785.00,1.82,14.40,270504.00
1981,31,Yucatán,3,Perennes,2,Temporal,200201,Tonelada,7130000,Henequén,243740.00,135740.00,0.00,75772.00,0.56,18.00,1363896.00
1982,20,Oaxaca,3,Perennes,2,Temporal,200201,Tonelada,5050000,Agave,8806.00,3383.00,0.00,253150.00,74.83,3.00,759450.00
1982,28,Tamaulipas,3,Perennes,2,Temporal,200201,Tonelada,7130000,Henequén,12338.00,9150.00,0.00,12185.00,1.33,24.89,303333.00
1982,31,Yucatán,3,Perennes,2,Temporal,200201,Tonelada,7130000,Henequén,226361.00,121553.00,0.00,61045.00,0.50,22.10,1349095.00
1983,20,Oaxaca,3,Perennes,2,Temporal,200201,Tonelada,5050000,Agave,9270.00,3416.00,0.00,251200.00,73.54,7.99,2007088.00
1983,28,Tamaulipas,3,Perennes,2,Temporal,200201,Tonelada,7130000,Henequén,7086.00,5681.00,0.00,7517.00,1.32,38.05,286014.00
1983,31,Yucatán,3,Perennes,2,Temporal,200201,Tonelada,7130000,Henequén,222060.00,116666.00,0.00,63825.00,0.55,23.63,1507993.00
1984,15,México,3,Perennes,2,Temporal,200204,Miles de lts.,7450000,Maguey pulquero,1780.00,1780.00,0.00,10149.00,5.70,18.00,182682.00
1984,20,Oaxaca,3,Perennes,2,Temporal,200201,Tonelada,5050000,Agave,8431.00,2773.00,0.00,274380.00,98.95,20.21,5545494.00
1984,28,Tamaulipas,3,Perennes,2,Temporal,200201,Tonelada,7130000,Henequén,2786.00,600.00,0.00,516.00,0.86,65.00,33540.00
1984,31,Yucatán,3,Perennes,2,Temporal,200201,Tonelada,7130000,Henequén,209887.00,109000.00,0.00,56510.00,0.52,29.58,1671566.00
1985,15,México,3,Perennes,2,Temporal,200204,Miles de lts.,7450000,Maguey pulquero,1776.00,616.00,0.00,43146.00,70.04,49.63,2141187.00
1985,20,Oaxaca,3,Perennes,2,Temporal,200201,Tonelada,5050000,Agave,9007.00,1587.00,0.00,87727.00,55.28,25.00,2193175.00
1985,28,Tamaulipas,3,Perennes,2,Temporal,200201,Tonelada,7130000,Henequén,2643.00,2587.00,0.00,2045.00,0.79,71.34,145897.00
1985,31,Yucatán,3,Perennes,2,Temporal,200201,Tonelada,7130000,Henequén,118328.00,109000.00,0.00,50031.00,0.46,66.00,3302046.00
1986,13,Hidalgo,3,Perennes,2,Temporal,200204,Miles de lts.,7450000,Maguey pulquero,1601.00,315.00,0.00,36540.00,116.00,89.94,3286515.00
1986,14,Jalisco,3,Perennes,2,Temporal,200201,Tonelada,5050000,Agave,10536.00,1269.00,0.00,94920.00,74.80,73.04,6933147.00
1986,15,México,3,Perennes,2,Temporal,200204,Miles de lts.,7450000,Maguey pulquero,4042.00,1703.00,0.00,167964.00,98.63,81.26,13648920.00
1986,20,Oaxaca,3,Perennes,2,Temporal,200201,Tonelada,5050000,Agave,9234.00,2831.00,0.00,218900.00,77.32,15.00,3283500.00
1986,28,Tamaulipas,3,Perennes,2,Temporal,200201,Tonelada,7130000,Henequén,2500.00,0.00,0.00,0.00,0.00,0.00,0.00
1986,31,Yucatán,3,Perennes,2,Temporal,200201,Tonelada,7130000,Henequén,117355.00,117355.00,0.00,65800.00,0.56,162.00,10659600.00
1987,13,Hidalgo,3,Perennes,2,Temporal,200204,Miles de lts.,7450000,Maguey pulquero,1601.00,1601.00,0.00,220269.00,137.58,130.00,28634970.00
1987,14,Jalisco,3,Perennes,2,Temporal,200201,Tonelada,5050000,Agave,11746.00,1098.00,0.00,78433.00,71.43,244.31,19162045.00
1987,15,México,3,Perennes,2,Temporal,200204,Miles de lts.,7450000,Maguey pulquero,4279.00,3198.00,0.00,330193.00,103.25,97.80,32292270.00
1987,20,Oaxaca,3,Perennes,2,Temporal,200201,Tonelada,5050000,Agave,11050.00,3600.00,0.00,267162.00,74.21,62.88,16799147.00
1987,28,Tamaulipas,3,Perennes,2,Temporal,200201,Tonelada,7130000,Henequén,2504.00,0.00,0.00,0.00,0.00,0.00,0.00
1987,31,Yucatán,3,Perennes,2,Temporal,200201,Tonelada,7130000,Henequén,115018.00,81532.00,0.00,32148.00,0.39,362.58,11656350.00
1988,13,Hidalgo,3,Perennes,2,Temporal,200204,Miles de lts.,7450000,Maguey pulquero,1601.00,190.00,0.00,17968.00,94.57,200.00,3593600.00
1988,14,Jalisco,3,Perennes,2,Temporal,200201,Tonelada,5050000,Agave,13538.00,1269.00,0.00,173630.00,136.82,384.18,66704826.00
1988,15,México,3,Perennes,2,Temporal,200204,Miles de lts.,7450000,Maguey pulquero,2572.00,772.00,0.00,74559.00,96.58,152.26,11352711.00
1988,20,Oaxaca,3,Perennes,2,Temporal,200201,Tonelada,5050000,Agave,9100.00,3343.00,0.00,252040.00,75.39,107.75,27158066.00
1988,28,Tamaulipas,3,Perennes,2,Temporal,200201,Tonelada,7130000,Henequén,2504.00,1704.00,0.00,2045.00,1.20,530.00,1083850.00
1988,31,Yucatán,3,Perennes,2,Temporal,200201,Tonelada,7130000,Henequén,110602.00,53849.00,0.00,43760.00,0.81,763.90,33428264.00
1989,13,Hidalgo,3,Perennes,2,Temporal,200204,Miles de lts.,7450000,Maguey pulquero,1103.00,205.00,0.00,8560.00,41.76,226.99,1943000.00
1989,14,Jalisco,3,Perennes,2,Temporal,200201,Tonelada,5050000,Agave,16165.00,6789.00,0.00,757075.00,111.51,596.79,451811760.00
1989,15,México,3,Perennes,2,Temporal,200204,Miles de lts.,7450000,Maguey pulquero,2551.00,772.00,0.00,70364.00,91.15,209.00,14706000.00
1989,20,Oaxaca,3,Perennes,2,Temporal,200201,Tonelada,5050000,Agave,11172.00,3800.00,0.00,258400.00,68.00,150.00,38760000.00
1989,28,Tamaulipas,3,Perennes,2,Temporal,200201,Tonelada,7130000,Henequén,3424.00,3424.00,0.00,5808.00,1.70,1050.00,6098400.00
1989,31,Yucatán,3,Perennes,2,Temporal,200201,Tonelada,7130000,Henequén,112845.00,53545.00,0.00,25440.00,0.48,925.77,23551538.00
1990,13,Hidalgo,3,Perennes,2,Temporal,200204,Miles de lts.,7450000,Maguey pulquero,1210.00,276.00,0.00,41100.00,148.91,331.58,13627938.00
1990,14,Jalisco,3,Perennes,2,Temporal,200201,Tonelada,5050000,Agave,25085.00,8165.00,0.00,915133.00,112.08,696.40,637296791.00
1990,15,México,3,Perennes,2,Temporal,200204,Miles de lts.,7450000,Maguey pulquero,1613.00,681.00,0.00,31004.00,45.53,341.00,10572364.00
1990,20,Oaxaca,3,Perennes,2,Temporal,200201,Tonelada,5050000,Agave,10850.00,3870.00,0.00,255500.00,66.02,200.00,51100000.00
1990,28,Tamaulipas,3,Perennes,2,Temporal,200201,Tonelada,7130000,Henequén,3971.00,0.00,0.00,0.00,0.00,0.00,0.00
1990,31,Yucatán,3,Perennes,2,Temporal,200201,Tonelada,7130000,Henequén,113746.00,55003.00,0.00,35156.00,0.64,1363.00,47917628.00
1991,13,Hidalgo,3,Perennes,2,Temporal,200204,Miles de lts.,7450000,Maguey pulquero,2200.00,325.00,0.00,48816.00,150.20,160.00,7810560.00
1991,14,Jalisco,3,Perennes,2,Temporal,200201,Tonelada,5050000,Agave,28146.00,8677.00,0.00,968578.00,111.63,835.68,809418308.00
1991,15,México,3,Perennes,2,Temporal,200204,Miles de lts.,7450000,Maguey pulquero,1512.00,682.00,0.00,54787.00,80.33,175.00,9587725.00
1991,20,Oaxaca,3,Perennes,2,Temporal,200201,Tonelada,5050000,Agave,12372.00,3480.00,0.00,236778.00,68.04,250.00,59194500.00
1991,28,Tamaulipas,3,Perennes,2,Temporal,200201,Tonelada,7130000,Henequén,2650.00,1704.00,0.00,3480.00,2.04,2200.00,7656000.00
1991,31,Yucatán,3,Perennes,2,Temporal,200201,Tonelada,7130000,Henequén,143107.00,52627.00,0.00,32170.00,0.61,1447.75,46573989.00
1992,6,Colima,3,Perennes,2,Temporal,200201,Tonelada,5050000,Agave,36.00,0.00,0.00,0.00,0.00,0.00,0.00
1992,13,Hidalgo,3,Perennes,2,Temporal,200204,Miles de lts.,7450000,Maguey pulquero,13525.00,1384.00,0.00,150894.00,109.03,347.00,52360218.00
1992,14,Jalisco,3,Perennes,2,Temporal,200201,Tonelada,5050000,Agave,39085.00,3432.00,0.00,391248.00,114.00,685.85,268336756.00
1992,15,México,3,Perennes,2,Temporal,200204,Miles de lts.,7450000,Maguey pulquero,1053.00,1053.00,0.00,109406.00,103.90,536.51,58697464.00
1992,20,Oaxaca,3,Perennes,2,Temporal,200201,Tonelada,5050000,Agave,13879.00,3760.00,0.00,255680.00,68.00,260.00,66476800.00
1992,28,Tamaulipas,3,Perennes,2,Temporal,200201,Tonelada,7130000,Henequén,6626.00,6526.00,0.00,10442.00,1.60,2000.00,20884000.00
1992,31,Yucatán,3,Perennes,2,Temporal,200201,Tonelada,7130000,Henequén,143047.00,76541.00,0.00,38270.00,0.50,1000.00,38270000.00
1992,32,Zacatecas,3,Perennes,2,Temporal,200201,Tonelada,5050000,Agave,40.00,0.00,0.00,0.00,0.00,0.00,0.00
1993,13,Hidalgo,3,Perennes,2,Temporal,200204,Miles de lts.,7450000,Maguey pulquero,14619.00,2464.00,0.00,272482.00,110.59,214.70,58501885.00
1993,14,Jalisco,3,Perennes,2,Temporal,200201,Tonelada,5050000,Agave,51691.00,7338.00,0.00,855395.00,116.57,442.00,378084590.00
1993,15,México,3,Perennes,2,Temporal,200204,Miles de lts.,7450000,Maguey pulquero,1198.00,360.00,0.00,38149.00,105.97,649.79,24789000.00
1993,18,Nayarit,3,Perennes,2,Temporal,200201,Tonelada,5050000,Agave,113.00,110.00,0.00,2783.00,25.30,300.00,834900.00
1993,20,Oaxaca,3,Perennes,2,Temporal,200201,Tonelada,5050000,Agave,13390.00,4456.00,0.00,287412.00,64.50,280.00,80475360.00
1993,28,Tamaulipas,3,Perennes,2,Temporal,200201,Tonelada,5050000,Agave,17.00,17.00,0.00,340.00,20.00,400.00,136000.00
1993,28,Tamaulipas,3,Perennes,2,Temporal,200201,Tonelada,7130000,Henequén,8220.00,8220.00,0.00,8380.00,1.02,1212.45,10160331.00
1993,31,Yucatán,3,Perennes,2,Temporal,200201,Tonelada,7130000,Henequén,101313.00,53589.00,0.00,27007.00,0.50,1100.00,29707700.00
1993,32,Zacatecas,3,Perennes,2,Temporal,200201,Tonelada,5050000,Agave,113.00,0.00,0.00,0.00,0.00,0.00,0.00
1994,6,Colima,3,Perennes,2,Temporal,200201,Tonelada,5050000,Agave,38.00,0.00,0.00,0.00,0.00,0.00,0.00
1994,11,Guanajuato,3,Perennes,2,Temporal,200201,Tonelada,5050000,Agave,80.00,0.00,0.00,0.00,0.00,0.00,0.00
1994,13,Hidalgo,3,Perennes,2,Temporal,200204,Miles de lts.,7450000,Maguey pulquero,14661.00,2021.00,0.00,215610.00,106.68,460.00,99180600.00
1994,14,Jalisco,3,Perennes,2,Temporal,200201,Tonelada,5050000,Agave,60845.00,10722.00,0.00,1329057.00,123.96,560.00,744271920.00
1994,15,México,3,Perennes,2,Temporal,200204,Miles de lts.,7450000,Maguey pulquero,2251.00,1176.00,0.00,15867.00,13.49,1000.00,15867000.00
1994,18,Nayarit,3,Perennes,2,Temporal,200201,Tonelada,5050000,Agave,113.00,110.00,0.00,8800.00,80.00,310.00,2728000.00
1994,20,Oaxaca,3,Perennes,2,Temporal,200201,Tonelada,5050000,Agave,13200.00,4350.00,0.00,283725.00,65.22,500.00,141862500.00
1994,28,Tamaulipas,3,Perennes,2,Temporal,200201,Tonelada,5050000,Agave,62.00,62.00,0.00,620.00,10.00,500.00,310000.00
1994,28,Tamaulipas,3,Perennes,2,Temporal,200201,Tonelada,7130000,Henequén,7695.00,7695.00,0.00,8157.00,1.06,1300.00,10604100.00
1994,31,Yucatán,3,Perennes,2,Temporal,200201,Tonelada,7130000,Henequén,97980.00,52974.00,0.00,27812.00,0.53,1500.00,41718000.00
1994,32,Zacatecas,3,Perennes,2,Temporal,200201,Tonelada,5050000,Agave,360.00,1.00,0.00,12.00,12.00,1000.00,12000.00
1995,6,Colima,3,Perennes,2,Temporal,200201,Tonelada,5050000,Agave,36.00,0.00,0.00,0.00,0.00,0.00,0.00
1995,11,Guanajuato,3,Perennes,2,Temporal,200201,Tonelada,5050000,Agave,80.00,0.00,0.00,0.00,0.00,0.00,0.00
1995,13,Hidalgo,3,Perennes,2,Temporal,200204,Miles de lts.,7450000,Maguey pulquero,13551.00,1829.00,0.00,163299.00,89.28,997.00,162809103.00
1995,14,Jalisco,3,Perennes,2,Temporal,200201,Tonelada,5050000,Agave,65730.00,5231.00,0.00,653235.00,124.88,510.00,333149850.00
1995,15,México,3,Perennes,2,Temporal,200204,Miles de lts.,7450000,Maguey pulquero,2005.00,930.00,0.00,11668.00,12.55,700.00,8167600.00
1995,18,Nayarit,3,Perennes,2,Temporal,200201,Tonelada,5050000,Agave,141.00,0.00,0.00,0.00,0.00,0.00,0.00
1995,20,Oaxaca,3,Perennes,2,Temporal,200201,Tonelada,5050000,Agave,10500.00,2610.00,0.00,146300.00,56.05,861.28,126005264.00
1995,28,Tamaulipas,3,Perennes,2,Temporal,200201,Tonelada,5050000,Agave,108.00,108.00,0.00,1138.00,10.54,400.00,455200.00
1995,28,Tamaulipas,3,Perennes,2,Temporal,200201,Tonelada,7130000,Henequén,8194.00,8194.00,0.00,12774.00,1.56,3332.95,42575103.00
1995,31,Yucatán,3,Perennes,2,Temporal,200201,Tonelada,7130000,Henequén,96207.00,62068.00,0.00,30326.00,0.49,2000.00,60652000.00
1995,32,Zacatecas,3,Perennes,2,Temporal,200201,Tonelada,5050000,Agave,424.00,0.00,0.00,0.00,0.00,0.00,0.00
1996,6,Colima,3,Perennes,2,Temporal,200201,Tonelada,5050000,Agave,37.00,0.00,0.00,0.00,0.00,0.00,0.00
1996,11,Guanajuato,3,Perennes,2,Temporal,200201,Tonelada,5050000,Agave,80.00,0.00,0.00,0.00,0.00,0.00,0.00
1996,13,Hidalgo,3,Perennes,2,Temporal,200204,Miles de lts.,7450000,Maguey pulquero,12778.00,1848.00,0.00,147883.00,80.02,1550.22,229251184.26
1996,14,Jalisco,3,Perennes,2,Temporal,200201,Tonelada,5050000,Agave,63473.00,5175.00,0.00,667575.00,129.00,704.67,470421000.00
1996,15,México,3,Perennes,2,Temporal,200204,Miles de lts.,7450000,Maguey pulquero,2105.00,2045.00,0.00,43486.00,21.26,776.00,33745136.00
1996,18,Nayarit,3,Perennes,2,Temporal,200201,Tonelada,5050000,Agave,28.00,0.00,0.00,0.00,0.00,0.00,0.00
1996,20,Oaxaca,3,Perennes,2,Temporal,200201,Tonelada,5050000,Agave,10500.00,2610.00,0.00,146300.00,56.05,1500.00,219450000.00
1996,28,Tamaulipas,3,Perennes,2,Temporal,200201,Tonelada,5050000,Agave,236.00,236.00,0.00,2760.00,11.69,1584.35,4372800.00
1996,28,Tamaulipas,3,Perennes,2,Temporal,200201,Tonelada,7130000,Henequén,16110.00,16110.00,0.00,144366.00,8.96,567.47,81923374.02
1996,30,Veracruz,3,Perennes,2,Temporal,200204,Miles de lts.,7450000,Maguey pulquero,90.00,0.00,0.00,0.00,0.00,0.00,0.00
1996,31,Yucatán,3,Perennes,2,Temporal,200201,Tonelada,7130000,Henequén,89115.00,79225.00,0.00,34021.00,0.43,2084.61,70920676.64
1996,32,Zacatecas,3,Perennes,2,Temporal,200201,Tonelada,5050000,Agave,555.00,8.00,0.00,96.00,12.00,450.00,43200.00
1997,6,Colima,3,Perennes,2,Temporal,200201,Tonelada,5050000,Agave,37.00,0.00,0.00,0.00,0.00,0.00,0.00
1997,11,Guanajuato,3,Perennes,2,Temporal,200201,Tonelada,5050000,Agave,127.00,0.00,0.00,0.00,0.00,0.00,0.00
1997,13,Hidalgo,3,Perennes,2,Temporal,200204,Miles de lts.,7450000,Maguey pulquero,9882.00,1584.00,0.00,159672.00,100.80,591.52,94449181.44
1997,14,Jalisco,3,Perennes,2,Temporal,200201,Tonelada,5050000,Agave,62108.00,5268.00,0.00,703385.00,133.52,722.80,508406678.00
1997,15,México,3,Perennes,2,Temporal,200204,Miles de lts.,7450000,Maguey pulquero,2045.00,2045.00,0.00,42121.00,20.60,1000.00,42121000.00
1997,18,Nayarit,3,Perennes,2,Temporal,200201,Tonelada,5050000,Agave,38.00,0.00,0.00,0.00,0.00,0.00,0.00
1997,20,Oaxaca,3,Perennes,2,Temporal,200201,Tonelada,5050000,Agave,12100.00,3260.00,0.00,185300.00,56.84,1700.00,315010000.00
1997,28,Tamaulipas,3,Perennes,2,Temporal,200201,Tonelada,5050000,Agave,118.00,118.00,0.00,1616.00,13.69,861.39,1392000.00
1997,28,Tamaulipas,3,Perennes,2,Temporal,200201,Tonelada,7130000,Henequén,14675.00,14675.00,0.00,276257.00,18.83,377.10,104176514.70
1997,31,Yucatán,3,Perennes,2,Temporal,200201,Tonelada,7130000,Henequén,85946.00,48982.00,0.00,23859.00,0.49,3260.90,77801813.10
1997,32,Zacatecas,3,Perennes,2,Temporal,200201,Tonelada,5050000,Agave,553.00,3.00,0.00,47.00,15.67,446.81,21000.07
1998,1,Aguascalientes,3,Perennes,2,Temporal,200204,Miles de lts.,7450000,Maguey pulquero,17.00,0.00,0.00,0.00,0.00,0.00,0.00
1998,5,Coahuila,3,Perennes,2,Temporal,200204,Miles de lts.,7450000,Maguey pulquero,14.00,0.00,0.00,0.00,0.00,0.00,0.00
1998,6,Colima,3,Perennes,2,Temporal,200201,Tonelada,5050000,Agave,37.00,0.00,0.00,0.00,0.00,0.00,0.00
1998,10,Durango,3,Perennes,2,Temporal,200201,Tonelada,5050000,Agave,45.00,0.00,0.00,0.00,0.00,0.00,0.00
1998,11,Guanajuato,3,Perennes,2,Temporal,200201,Tonelada,5050000,Agave,127.00,0.00,0.00,0.00,0.00,0.00,0.00
1998,13,Hidalgo,3,Perennes,2,Temporal,200204,Miles de lts.,7450000,Maguey pulquero,8822.50,1389.50,0.00,125597.75,90.39,635.21,79780946.78
1998,14,Jalisco,3,Perennes,2,Temporal,200201,Tonelada,5050000,Agave,22666.00,3880.00,0.00,403205.00,103.92,718.86,289847946.30
1998,15,México,3,Perennes,2,Temporal,200204,Miles de lts.,7450000,Maguey pulquero,2075.00,2075.00,0.00,42823.85,20.64,983.58,42120682.38
1998,16,Michoacán,3,Perennes,1,Riego,200201,Tonelada,5050000,Agave,14.00,0.00,0.00,0.00,0.00,0.00,0.00
1998,18,Nayarit,3,Perennes,2,Temporal,200201,Tonelada,5050000,Agave,101.00,0.00,0.00,0.00,0.00,0.00,0.00
1998,20,Oaxaca,3,Perennes,2,Temporal,200201,Tonelada,5050000,Agave,4100.00,4100.00,0.00,263000.00,64.15,1200.00,315600000.00
1998,28,Tamaulipas,3,Perennes,2,Temporal,200201,Tonelada,7130000,Henequén,14675.00,14675.00,0.00,184342.00,12.56,443.98,81844161.16
1998,30,Veracruz,3,Perennes,2,Temporal,200204,Miles de lts.,7450000,Maguey pulquero,90.00,90.00,0.00,5400.00,60.00,500.00,2700000.00
1998,31,Yucatán,3,Perennes,2,Temporal,200201,Tonelada,7130000,Henequén,86690.00,47991.00,0.00,23749.00,0.49,4601.40,109278648.60
1998,32,Zacatecas,3,Perennes,2,Temporal,200201,Tonelada,5050000,Agave,556.00,0.00,0.00,0.00,0.00,0.00,0.00
1999,1,Aguascalientes,3,Perennes,2,Temporal,200204,Miles de lts.,7450000,Maguey pulquero,235.00,235.00,0.00,11970.00,50.94,598.54,7164476.00
1999,6,Colima,3,Perennes,2,Temporal,200201,Tonelada,5050000,Agave,8.00,0.00,0.00,0.00,0.00,0.00,0.00
1999,10,Durango,3,Perennes,2,Temporal,200201,Tonelada,5050000,Agave,150.00,0.00,0.00,0.00,0.00,0.00,0.00
1999,11,Guanajuato,3,Perennes,2,Temporal,200201,Tonelada,5050000,Agave,594.00,0.00,0.00,0.00,0.00,0.00,0.00
1999,11,Guanajuato,3,Perennes,2,Temporal,200204,Miles de lts.,7450000,Maguey pulquero,20.00,0.00,0.00,0.00,0.00,0.00,0.00
1999,13,Hidalgo,3,Perennes,2,Temporal,200204,Miles de lts.,7450000,Maguey pulquero,8690.50,2565.50,0.00,222488.44,86.72,1013.35,225458655.10
1999,14,Jalisco,3,Perennes,1,Riego,200201,Tonelada,5050000,Agave,270.00,0.00,0.00,0.00,0.00,0.00,0.00
1999,14,Jalisco,3,Perennes,2,Temporal,200201,Tonelada,5050000,Agave,21132.00,2588.00,0.00,349425.00,135.02,1232.96,430826756.66
1999,15,México,3,Perennes,2,Temporal,200204,Miles de lts.,7450000,Maguey pulquero,1978.00,1978.00,0.00,26913.10,13.61,1200.00,32295720.00
1999,16,Michoacán,3,Perennes,1,Riego,200201,Tonelada,5050000,Agave,18.90,0.00,0.00,0.00,0.00,0.00,0.00
1999,18,Nayarit,3,Perennes,2,Temporal,200201,Tonelada,5050000,Agave,974.00,0.00,0.00,0.00,0.00,0.00,0.00
1999,20,Oaxaca,3,Perennes,2,Temporal,200201,Tonelada,5050000,Agave,3580.00,3220.00,0.00,217200.00,67.45,1210.01,262813200.00
1999,28,Tamaulipas,3,Perennes,2,Temporal,200201,Tonelada,7130000,Henequén,14675.00,6996.00,0.00,72739.00,10.40,445.41,32398714.01
1999,30,Veracruz,3,Perennes,2,Temporal,200204,Miles de lts.,7450000,Maguey pulquero,90.00,90.00,0.00,5400.00,60.00,700.00,3780000.00
1999,31,Yucatán,3,Perennes,2,Temporal,200201,Tonelada,7130000,Henequén,85806.00,49198.00,0.00,24096.00,0.49,4603.00,110913888.00
1999,32,Zacatecas,3,Perennes,2,Temporal,200201,Tonelada,5050000,Agave,551.00,0.00,0.00,0.00,0.00,0.00,0.00
2000,1,Aguascalientes,3,Perennes,1,Riego,200201,Tonelada,5050000,Agave,25.00,0.00,0.00,0.00,0.00,0.00,0.00
2000,1,Aguascalientes,3,Perennes,2,Temporal,200204,Miles de lts.,7450000,Maguey pulquero,236.00,20.00,0.00,1018.80,50.94,1500.00,1528200.00
2000,6,Colima,3,Perennes,1,Riego,200201,Tonelada,5050000,Agave,6.00,0.00,0.00,0.00,0.00,0.00,0.00
2000,6,Colima,3,Perennes,2,Temporal,200201,Tonelada,5050000,Agave,43.50,38.00,0.00,1519.00,39.97,7970.38,12107000.00
2000,11,Guanajuato,3,Perennes,2,Temporal,200201,Tonelada,5050000,Agave,594.00,90.00,0.00,4725.00,52.50,7238.10,34200000.00
2000,11,Guanajuato,3,Perennes,2,Temporal,200204,Miles de lts.,7450000,Maguey pulquero,20.00,0.00,0.00,0.00,0.00,0.00,0.00
2000,13,Hidalgo,3,Perennes,2,Temporal,200204,Miles de lts.,7450000,Maguey pulquero,8672.00,1218.00,0.00,132938.59,109.14,1862.98,247661901.10
2000,14,Jalisco,3,Perennes,2,Temporal,200201,Tonelada,5050000,Agave,62678.00,3964.00,0.00,457387.00,115.39,6742.53,3083943996.66
2000,15,México,3,Perennes,2,Temporal,200204,Miles de lts.,7450000,Maguey pulquero,1978.00,1978.00,0.00,38112.00,19.27,1000.00,38112000.00
2000,16,Michoacán,3,Perennes,1,Riego,200201,Tonelada,5050000,Agave,46.25,0.00,0.00,0.00,0.00,0.00,0.00
2000,16,Michoacán,3,Perennes,2,Temporal,200201,Tonelada,5050000,Agave,47.05,0.00,0.00,0.00,0.00,0.00,0.00
2000,18,Nayarit,3,Perennes,2,Temporal,200201,Tonelada,5050000,Agave,1055.25,0.00,0.00,0.00,0.00,0.00,0.00
2000,20,Oaxaca,3,Perennes,2,Temporal,200201,Tonelada,5050000,Agave,10500.00,3300.00,0.00,205500.00,62.27,1252.55,257400000.00
2000,28,Tamaulipas,3,Perennes,2,Temporal,200201,Tonelada,7130000,Henequén,14330.00,4256.50,0.00,92680.25,21.77,748.06,69330187.50
2000,30,Veracruz,3,Perennes,2,Temporal,200204,Miles de lts.,7450000,Maguey pulquero,90.00,90.00,0.00,580.00,6.44,4000.00,2320000.00
2000,31,Yucatán,3,Perennes,2,Temporal,200201,Tonelada,7130000,Henequén,84670.00,50337.00,0.00,36980.40,0.73,3895.07,144041246.63
2000,32,Zacatecas,3,Perennes,2,Temporal,200201,Tonelada,5050000,Agave,551.00,0.00,0.00,0.00,0.00,0.00,0.00
2001,1,Aguascalientes,3,Perennes,1,Riego,200201,Tonelada,5050000,Agave,20.00,0.00,0.00,0.00,0.00,0.00,0.00
2001,1,Aguascalientes,3,Perennes,2,Temporal,200201,Tonelada,5050000,Agave,188.00,0.00,0.00,0.00,0.00,0.00,0.00
2001,1,Aguascalientes,3,Perennes,2,Temporal,200204,Miles de lts.,7450000,Maguey pulquero,235.00,48.00,0.00,2800.00,58.33,1600.00,4480000.00
2001,6,Colima,3,Perennes,1,Riego,200201,Tonelada,5050000,Agave,7.00,0.00,0.00,0.00,0.00,0.00,0.00
2001,6,Colima,3,Perennes,2,Temporal,200201,Tonelada,5050000,Agave,11.50,4.00,0.00,320.00,80.00,2500.00,800000.00
2001,11,Guanajuato,3,Perennes,2,Temporal,200201,Tonelada,5050000,Agave,841.99,128.00,0.00,8710.00,68.05,14483.35,126149978.50
2001,11,Guanajuato,3,Perennes,2,Temporal,200204,Miles de lts.,7450000,Maguey pulquero,20.00,0.00,0.00,0.00,0.00,0.00,0.00
2001,13,Hidalgo,3,Perennes,2,Temporal,200204,Miles de lts.,7450000,Maguey pulquero,6964.00,1242.00,0.00,140253.75,112.93,1840.74,258170762.78
2001,14,Jalisco,3,Perennes,1,Riego,200201,Tonelada,5050000,Agave,1092.50,0.00,0.00,0.00,0.00,0.00,0.00
2001,14,Jalisco,3,Perennes,2,Temporal,200201,Tonelada,5050000,Agave,72819.50,3059.00,0.00,316351.00,103.42,10197.62,3226027648.21
2001,15,México,3,Perennes,2,Temporal,200204,Miles de lts.,7450000,Maguey pulquero,1678.00,1678.00,0.00,21856.00,13.03,1160.83,25371188.80
2001,16,Michoacán,3,Perennes,2,Temporal,200201,Tonelada,5050000,Agave,134.30,0.00,0.00,0.00,0.00,0.00,0.00
2001,18,Nayarit,3,Perennes,1,Riego,200201,Tonelada,5050000,Agave,32.25,0.00,0.00,0.00,0.00,0.00,0.00
2001,18,Nayarit,3,Perennes,2,Temporal,200201,Tonelada,5050000,Agave,3800.25,0.00,0.00,0.00,0.00,0.00,0.00
2001,20,Oaxaca,3,Perennes,2,Temporal,200201,Tonelada,5050000,Agave,9100.00,3600.00,0.00,221400.00,61.50,3153.66,698220000.00
2001,28,Tamaulipas,3,Perennes,2,Temporal,200201,Tonelada,7130000,Henequén,4176.50,4176.50,0.00,79496.00,19.03,2374.11,188732200.00
2001,30,Veracruz,3,Perennes,2,Temporal,200204,Miles de lts.,7450000,Maguey pulquero,90.00,90.00,0.00,900.00,10.00,2000.00,1800000.00
2001,31,Yucatán,3,Perennes,2,Temporal,200201,Tonelada,7130000,Henequén,68087.00,42949.00,0.00,17519.00,0.41,4196.63,73520760.97
2001,32,Zacatecas,3,Perennes,2,Temporal,200201,Tonelada,5050000,Agave,2019.00,202.00,0.00,30300.00,150.00,15000.00,454500000.00
2002,1,Aguascalientes,3,Perennes,2,Temporal,200204,Miles de lts.,7450000,Maguey pulquero,179.00,12.00,0.00,300.00,25.00,1453.30,435990.00
2002,11,Guanajuato,3,Perennes,1,Riego,200201,Tonelada,5050000,Agave,71.07,0.00,0.00,0.00,0.00,0.00,0.00
2002,11,Guanajuato,3,Perennes,2,Temporal,200201,Tonelada,5050000,Agave,1019.49,0.00,0.00,0.00,0.00,0.00,0.00
2002,11,Guanajuato,3,Perennes,2,Temporal,200204,Miles de lts.,7450000,Maguey pulquero,20.00,0.00,0.00,0.00,0.00,0.00,0.00
2002,13,Hidalgo,3,Perennes,2,Temporal,200204,Miles de lts.,7450000,Maguey pulquero,6845.50,1278.00,0.00,149280.25,116.81,1876.72,280156533.83
2002,14,Jalisco,3,Perennes,1,Riego,200201,Tonelada,5050000,Agave,4.00,0.00,0.00,0.00,0.00,0.00,0.00
2002,14,Jalisco,3,Perennes,2,Temporal,200201,Tonelada,5050000,Agave,79119.78,2143.00,0.00,221681.95,103.44,11432.13,2534297292.42
2002,15,México,3,Perennes,1,Riego,200201,Tonelada,5050000,Agave,74.00,0.00,0.00,0.00,0.00,0.00,0.00
2002,15,México,3,Perennes,2,Temporal,200201,Tonelada,5050000,Agave,10.00,0.00,0.00,0.00,0.00,0.00,0.00
2002,15,México,3,Perennes,2,Temporal,200204,Miles de lts.,7450000,Maguey pulquero,1618.00,547.00,0.00,9175.20,16.77,1500.00,13762800.00
2002,16,Michoacán,3,Perennes,2,Temporal,200201,Tonelada,5050000,Agave,301.09,0.00,0.00,0.00,0.00,0.00,0.00
2002,17,Morelos,3,Perennes,2,Temporal,200201,Tonelada,5050000,Agave,611.00,13.00,0.00,260.00,20.00,4800.00,1248000.00
2002,18,Nayarit,3,Perennes,1,Riego,200201,Tonelada,5050000,Agave,32.25,0.00,0.00,0.00,0.00,0.00,0.00
2002,18,Nayarit,3,Perennes,2,Temporal,200201,Tonelada,5050000,Agave,7487.25,5.00,0.00,500.00,100.00,7000.00,3500000.00
2002,20,Oaxaca,3,Perennes,2,Temporal,200201,Tonelada,5050000,Agave,13210.00,3900.00,0.00,245700.00,63.00,3256.41,800100000.00
2002,22,Querétaro,3,Perennes,2,Temporal,200201,Tonelada,5050000,Agave,360.00,160.00,0.00,12286.00,76.79,11397.80,140033370.80
2002,28,Tamaulipas,3,Perennes,2,Temporal,200201,Tonelada,7130000,Henequén,4176.50,4176.50,0.00,69585.00,16.66,2345.94,163242312.90
2002,30,Veracruz,3,Perennes,2,Temporal,200204,Miles de lts.,7450000,Maguey pulquero,90.00,90.00,0.00,900.00,10.00,2000.00,1800000.00
2002,31,Yucatán,3,Perennes,2,Temporal,200201,Tonelada,7130000,Henequén,56126.00,20313.60,0.00,8286.44,0.41,4014.48,33265747.65
2002,32,Zacatecas,3,Perennes,2,Temporal,200201,Tonelada,5050000,Agave,2406.00,50.00,0.00,4500.00,90.00,12000.00,54000000.00
